Workbook

Sheet Pull out test IPE 160
T5: Ensayo 3 IPE 160
C6: Ensayo 1 IPE 160 | K6: Ensayo 2 IPE 160 | T6: Prueba de tensión vertical
C7: Prueba de tensión vertical | K7: Prueba de tensión vertical | T7: Desplazamiento [mm] | U7: Fuerza [kg]
C8: Desplazamiento [mm] | D8: Fuerza [kg] | K8: Desplazamiento [mm] | L8: Fuerza [kg] | T8: 0 | U8: 0
C9: 0 | D9: 0 | K9: 0 | L9: 0 | T9: 0.2 | U9: 354
C10: 0.25 | D10: 326 | K10: 0.09 | L10: 402 | T10: 0.9 | U10: 580
C11: 2.4 | D11: 618 | K11: 0.23 | L11: 618 | T11: 1.6 | U11: 761
C12: 4.74 | D12: 861 | K12: 0.71 | L12: 817 | T12: 7.73 | U12: 1140
C13: 12.09 | D13: 1032 | K13: 1.11 | L13: 1046 | T13: 18.87 | U13: 1374
C14: 25.59 | D14: 1164 | K14: 2.16 | L14: 1302 | T14: 25.49 | U14: 1402
C15: Profundidad de hinca [m] | D15: 2.5 | K15: 3.51 | L15: 1450 | T15: Profundidad de hinca [m] | U15: 2.5
K16: 6.53 | L16: 1652
K17: 14.79 | L17: 1862
K18: 25.65 | L18: 1932
K19: Profundidad de hinca [m] | L19: 2.5
C23: Ensayo 1 IPE 160 | K23: Ensayo 2 IPE 160 | T23: Ensayo 2 IPE 160
C24: Prueba de compresión vertical | K24: Prueba de compresión vertical | T24: Prueba de compresión vertical
C25: Desplazamiento [mm] | D25: Fuerza [kg] | K25: Desplazamiento [mm] | L25: Fuerza [kg] | T25: Desplazamiento [mm] | U25: Fuerza [kg]
C26: 0 | D26: 0 | K26: 0 | L26: 0 | T26: 0 | U26: 0
C27: 12.18 | D27: 342 | K27: 1.07 | L27: 349 | T27: 10.46 | U27: 332
C28: 25.8 | D28: 425 | K28: 3.16 | L28: 520 | T28: 25.8 | U28: 420
C29: Profundidad de hinca [m] | D29: 2.5 | K29: 6.78 | L29: 781 | T29: Profundidad de hinca [m] | U29: 2.5
K30: 25.5 | L30: 984
K31: Profundidad de hinca [m] | L31: 2.5
C38: Ensayo 1 IPE 160 | K38: Ensayo 2 IPE 160 | T38: Ensayo 2 IPE 160
C39: Prueba de carga lateral | K39: Prueba de carga lateral | T39: Prueba de carga lateral
C40: Desplazamiento [mm] | D40: Fuerza [kg] | K40: Desplazamiento [mm] | L40: Fuerza [kg] | T40: Desplazamiento [mm] | U40: Fuerza [kg]
C41: 0 | D41: 0 | K41: 0 | L41: 0 | T41: 0 | U41: 0
C42: 4.44 | D42: 350 | K42: 2.2 | L42: 310 | T42: 3.08 | U42: 320
C43: 6.64 | D43: 524 | K43: 3.12 | L43: 550 | T43: 4.28 | U43: 530
C44: 10.11 | D44: 718 | K44: 4.43 | L44: 728 | T44: 6.64 | U44: 742
C45: 17.26 | D45: 1030 | K45: 6.89 | L45: 1040 | T45: 10.4 | U45: 1036
C46: 24.6 | D46: 1240 | K46: 9.58 | L46: 1268 | T46: 14.12 | U46: 1280
C47: 25.57 | D47: 1320 | K47: 11.54 | L47: 1462 | T47: 16.9 | U47: 1465
C48: Profundidad de hinca [m] | D48: 2.5 | K48: 13.9 | L48: 1654 | T48: 20.5 | U48: 1634
K49: 16.7 | L49: 1869 | T49: 24.6 | U49: 1840
K50: 20.7 | L50: 2072 | T50: 25.3 | U50: 1936
K51: Profundidad de hinca [m] | L51: 2.5 | T51: Profundidad de hinca [m] | U51: 2.5

Sheet Interpolación para W8X10
C2: Item | D2: H | E2: B
C3: Dimensiones IPE 160 | D3: 160 | E3: 82 | F3: 160 | G3: Nota el ensayo fue realizado por el lado fuerte
C4: Dimensiones W8X10 (Ala aumentada) | D4: 198 | E4: =100+70 -> 170 | F4: 198
C5: Correlación dimensional IPE 160 a W8X10 (Ala extendida) | D5: =D4/D3 -> 1.2375 | E5: =E4/E3 -> 2.0731707 | G5: Cambiar a 8X10
AL8: CARGAS DE SERVICIO POSTE W8X10
T9: Correlación prueba vertical 3 para W8X10 | AL9: FX (kN) | AM9: FY (kN) | AN9: FY (kN) | AO9: Carga maxima lateral (kg) | AP9: F.S. Carga lateral | AQ9: FZ (kN) | AR9: Fz (kg) | AS9: Carga maxima a tensión (kg) | AT9: F.S Tensión | AU9: Carga maxima a compresión (kg) | AV9: F.S Compresión | AW9: MX (kNm) | AX9: Carga horizontal equivalente (kg) | AY9: MY (kNm) | AZ9: MZ (kNm) | BA9: Case name
C10: Correlación prueba vertical 1 para W8X10 | K10: Correlación prueba vertical 2 para W8X10 | T10: Prueba de tensión vertical | AK10: Poste General | AL10: 0 | AM10: -0.52 | AN10: =AM10*101.97 -> -53.0244 | AO10: 2736.59 | AP10: =ABS(AO10/AN10) -> 51.610014 | AQ10: 3.5 | AR10: =AQ10*101.97 -> 356.895 | AS10: -2413 | AT10: =IF(AS10/AR10>=0,AS10/AR10, "Compresión no aplica") -> Compresión no aplica | AU10: 881.1 | AV10: =IF(AU10/AR10>=0,AU10/AR10, "Tensión no aplica") -> 2.4687933 | AW10: 0.78 | AX10: =AM10*101.97 -> -53.0244 | AY10: -0.35 | AZ10: 0 | BA10: D+W15(+)
C11: Prueba de tensión vertical | K11: Prueba de tensión vertical | T11: Desplazamiento [mm] | U11: Fuerza [kg] | AK11: Poste General | AL11: 0 | AM11: 0.46 | AN11: =AM11*101.97 -> 46.9062 | AO11: 2736.59 | AP11: =ABS(AO11/AN11) -> 58.341754 | AQ11: -0.24 | AR11: =AQ11*101.97 -> -24.4728 | AS11: -2413 | AT11: =IF(AS11/AR11>=0,AS11/AR11, "Compresión no aplica") -> 98.599261 | AU11: 881.1 | AV11: =IF(AU11/AR11>=0,AU11/AR11, "Tensión no aplica") -> Tensión no aplica | AW11: -0.69 | AX11: =AM11*101.97 -> 46.9062 | AY11: 0.04 | AZ11: 0 | BA11: D+W15(-)
C12: Desplazamiento [mm] | D12: Fuerza [kg] | K12: Desplazamiento [mm] | L12: Fuerza [kg] | T12: ='Pull out test IPE 160'!T8 -> 0 | U12: ='Pull out test IPE 160'!U8*'Interpolación para W8X10'!$E$5 -> 0 | AK12: Poste General | AL12: 0 | AM12: -2.35 | AN12: =AM12*101.97 -> -239.6295 | AO12: 2736.59 | AP12: =ABS(AO12/AN12) -> 11.420088 | AQ12: 2.88 | AR12: =AQ12*101.97 -> 293.6736 | AS12: -2413 | AT12: =IF(AS12/AR12>=0,AS12/AR12, "Compresión no aplica") -> Compresión no aplica | AU12: 881.1 | AV12: =IF(AU12/AR12>=0,AU12/AR12, "Tensión no aplica") -> 3.0002697 | AW12: 3.51 | AX12: =AM12*101.97 -> -239.6295 | AY12: -0.29 | AZ12: 0 | BA12: D+W60(+)
C13: ='Pull out test IPE 160'!C9 -> 0 | D13: ='Pull out test IPE 160'!D9*'Interpolación para W8X10'!$E$5 -> 0 | K13: ='Pull out test IPE 160'!K9 -> 0 | L13: ='Pull out test IPE 160'!L9*'Interpolación para W8X10'!$E$5 -> 0 | T13: ='Pull out test IPE 160'!T9 -> 0.2 | U13: ='Pull out test IPE 160'!U9*'Interpolación para W8X10'!$E$5 -> 733.90244 | AK13: Poste General | AL13: 0 | AM13: 2.02 | AN13: =AM13*101.97 -> 205.9794 | AO13: 2736.59 | AP13: =ABS(AO13/AN13) -> 13.285746 | AQ13: 0.32 | AR13: =AQ13*101.97 -> 32.6304 | AS13: -2413 | AT13: =IF(AS13/AR13>=0,AS13/AR13, "Compresión no aplica") -> Compresión no aplica | AU13: 881.1 | AV13: =IF(AU13/AR13>=0,AU13/AR13, "Tensión no aplica") -> 27.002427 | AW13: -3.02 | AX13: =AM13*101.97 -> 205.9794 | AY13: -0.02 | AZ13: 0 | BA13: D+W60(-)
C14: ='Pull out test IPE 160'!C10 -> 0.25 | D14: ='Pull out test IPE 160'!D10*'Interpolación para W8X10'!$E$5 -> 675.85366 | K14: ='Pull out test IPE 160'!K10 -> 0.09 | L14: ='Pull out test IPE 160'!L10*'Interpolación para W8X10'!$E$5 -> 833.41463 | T14: ='Pull out test IPE 160'!T10 -> 0.9 | U14: ='Pull out test IPE 160'!U10*'Interpolación para W8X10'!$E$5 -> 1202.439 | AK14: Poste General | AL14: 0 | AM14: -0.52 | AN14: =AM14*101.97 -> -53.0244 | AO14: 2736.59 | AP14: =ABS(AO14/AN14) -> 51.610014 | AQ14: 2.9 | AR14: =AQ14*101.97 -> 295.713 | AS14: -2413 | AT14: =IF(AS14/AR14>=0,AS14/AR14, "Compresión no aplica") -> Compresión no aplica | AU14: 881.1 | AV14: =IF(AU14/AR14>=0,AU14/AR14, "Tensión no aplica") -> 2.9795782 | AW14: 0.78 | AX14: =AM14*101.97 -> -53.0244 | AY14: -0.3 | AZ14: 0 | BA14: 0.6D+W15(+)
C15: ='Pull out test IPE 160'!C11 -> 2.4 | D15: ='Pull out test IPE 160'!D11*'Interpolación para W8X10'!$E$5 -> 1281.2195 | K15: ='Pull out test IPE 160'!K11 -> 0.23 | L15: ='Pull out test IPE 160'!L11*'Interpolación para W8X10'!$E$5 -> 1281.2195 | T15: ='Pull out test IPE 160'!T11 -> 1.6 | U15: ='Pull out test IPE 160'!U11*'Interpolación para W8X10'!$E$5 -> 1577.6829 | AK15: Poste General | AL15: 0 | AM15: 0.46 | AN15: =AM15*101.97 -> 46.9062 | AO15: 2736.59 | AP15: =ABS(AO15/AN15) -> 58.341754 | AQ15: -0.84 | AR15: =AQ15*101.97 -> -85.6548 | AS15: -2413 | AT15: =IF(AS15/AR15>=0,AS15/AR15, "Compresión no aplica") -> 28.171217 | AU15: 881.1 | AV15: =IF(AU15/AR15>=0,AU15/AR15, "Tensión no aplica") -> Tensión no aplica | AW15: -0.69 | AX15: =AM15*101.97 -> 46.9062 | AY15: 0.1 | AZ15: 0 | BA15: 0.6D+W15(-)
C16: ='Pull out test IPE 160'!C12 -> 4.74 | D16: ='Pull out test IPE 160'!D12*'Interpolación para W8X10'!$E$5 -> 1785 | K16: ='Pull out test IPE 160'!K12 -> 0.71 | L16: ='Pull out test IPE 160'!L12*'Interpolación para W8X10'!$E$5 -> 1693.7805 | T16: ='Pull out test IPE 160'!T12 -> 7.73 | U16: ='Pull out test IPE 160'!U12*'Interpolación para W8X10'!$E$5 -> 2363.4146 | AK16: Poste General | AL16: 0 | AM16: -2.35 | AN16: =AM16*101.97 -> -239.6295 | AO16: 2736.59 | AP16: =ABS(AO16/AN16) -> 11.420088 | AQ16: 2.27 | AR16: =AQ16*101.97 -> 231.4719 | AS16: -2413 | AT16: =IF(AS16/AR16>=0,AS16/AR16, "Compresión no aplica") -> Compresión no aplica | AU16: 881.1 | AV16: =IF(AU16/AR16>=0,AU16/AR16, "Tensión no aplica") -> 3.8065096 | AW16: 3.51 | AX16: =AM16*101.97 -> -239.6295 | AY16: -0.23 | AZ16: 0 | BA16: 0.6D+W60(+)
C17: ='Pull out test IPE 160'!C13 -> 12.09 | D17: ='Pull out test IPE 160'!D13*'Interpolación para W8X10'!$E$5 -> 2139.5122 | K17: ='Pull out test IPE 160'!K13 -> 1.11 | L17: ='Pull out test IPE 160'!L13*'Interpolación para W8X10'!$E$5 -> 2168.5366 | T17: ='Pull out test IPE 160'!T13 -> 18.87 | U17: ='Pull out test IPE 160'!U13*'Interpolación para W8X10'!$E$5 -> 2848.5366 | AK17: Poste General | AL17: 0 | AM17: 2.02 | AN17: =AM17*101.97 -> 205.9794 | AO17: 2736.59 | AP17: =ABS(AO17/AN17) -> 13.285746 | AQ17: -0.28 | AR17: =AQ17*101.97 -> -28.5516 | AS17: -2413 | AT17: =IF(AS17/AR17>=0,AS17/AR17, "Compresión no aplica") -> 84.513652 | AU17: 881.1 | AV17: =IF(AU17/AR17>=0,AU17/AR17, "Tensión no aplica") -> Tensión no aplica | AW17: -3.02 | AX17: =AM17*101.97 -> 205.9794 | AY17: 0.04 | AZ17: 0 | BA17: 0.6D+W60(-)
C18: ='Pull out test IPE 160'!C14 -> 25.59 | D18: ='Pull out test IPE 160'!D14*'Interpolación para W8X10'!$E$5 -> 2413.1707 | K18: ='Pull out test IPE 160'!K14 -> 2.16 | L18: ='Pull out test IPE 160'!L14*'Interpolación para W8X10'!$E$5 -> 2699.2683 | T18: ='Pull out test IPE 160'!T14 -> 25.49 | U18: ='Pull out test IPE 160'!U14*'Interpolación para W8X10'!$E$5 -> 2906.5854 | AK18: Poste General | AL18: 0 | AM18: 0.0001 | AN18: =AM18*101.97 -> 0.010197 | AO18: 2736.59 | AP18: =ABS(AO18/AN18) -> 268372.07 | AQ18: 1.51 | AR18: =AQ18*101.97 -> 153.9747 | AS18: -2413 | AT18: =IF(AS18/AR18>=0,AS18/AR18, "Compresión no aplica") -> Compresión no aplica | AU18: 881.1 | AV18: =IF(AU18/AR18>=0,AU18/AR18, "Tensión no aplica") -> 5.7223687 | AW18: 0 | AX18: =AM18*101.97 -> 0.010197 | AY18: -0.14 | AZ18: 0 | BA18: D
C19: Profundidad de hinca [m] | D19: 2.5 | K19: ='Pull out test IPE 160'!K15 -> 3.51 | L19: ='Pull out test IPE 160'!L15*'Interpolación para W8X10'!$E$5 -> 3006.0976 | T19: Profundidad de hinca [m] | U19: 2.5 | AK19: Poste General | AL19: 0 | AM19: -0.23 | AN19: =AM19*101.97 -> -23.4531 | AO19: 2736.59 | AP19: =ABS(AO19/AN19) -> 116.68351 | AQ19: 1.67 | AR19: =AQ19*101.97 -> 170.2899 | AS19: -2413 | AT19: =IF(AS19/AR19>=0,AS19/AR19, "Compresión no aplica") -> Compresión no aplica | AU19: 881.1 | AV19: =IF(AU19/AR19>=0,AU19/AR19, "Tensión no aplica") -> 5.1741178 | AW19: 0.35 | AX19: =AM19*101.97 -> -23.4531 | AY19: -0.16 | AZ19: 0 | BA19: D+0.7E
K20: ='Pull out test IPE 160'!K16 -> 6.53 | L20: ='Pull out test IPE 160'!L16*'Interpolación para W8X10'!$E$5 -> 3424.878 | AK20: Poste General | AL20: 0 | AM20: -0.23 | AN20: =AM20*101.97 -> -23.4531 | AO20: 2736.59 | AP20: =ABS(AO20/AN20) -> 116.68351 | AQ20: 1.06 | AR20: =AQ20*101.97 -> 108.0882 | AS20: -2413 | AT20: =IF(AS20/AR20>=0,AS20/AR20, "Compresión no aplica") -> Compresión no aplica | AU20: 881.1 | AV20: =IF(AU20/AR20>=0,AU20/AR20, "Tensión no aplica") -> 8.1516761 | AW20: 0.35 | AX20: =AM20*101.97 -> -23.4531 | AY20: -0.1 | AZ20: 0 | BA20: 0.6D+0.7E
K21: ='Pull out test IPE 160'!K17 -> 14.79 | L21: ='Pull out test IPE 160'!L17*'Interpolación para W8X10'!$E$5 -> 3860.2439 | AK21: Poste General | AL21: 0 | AM21: -0.39 | AN21: =AM21*101.97 -> -39.7683 | AO21: 2736.59 | AP21: =ABS(AO21/AN21) -> 68.813351 | AQ21: 3 | AR21: =AQ21*101.97 -> 305.91 | AS21: -2413 | AT21: =IF(AS21/AR21>=0,AS21/AR21, "Compresión no aplica") -> Compresión no aplica | AU21: 881.1 | AV21: =IF(AU21/AR21>=0,AU21/AR21, "Tensión no aplica") -> 2.8802589 | AW21: 0.59 | AX21: =AM21*101.97 -> -39.7683 | AY21: -0.3 | AZ21: 0 | BA21: D+0.75W15(+)
K22: ='Pull out test IPE 160'!K18 -> 25.65 | L22: ='Pull out test IPE 160'!L18*'Interpolación para W8X10'!$E$5 -> 4005.3659 | AK22: Poste General | AL22: 0 | AM22: 0.35 | AN22: =AM22*101.97 -> 35.6895 | AO22: 2736.59 | AP22: =ABS(AO22/AN22) -> 76.677734 | AQ22: 0.2 | AR22: =AQ22*101.97 -> 20.394 | AS22: -2413 | AT22: =IF(AS22/AR22>=0,AS22/AR22, "Compresión no aplica") -> Compresión no aplica | AU22: 881.1 | AV22: =IF(AU22/AR22>=0,AU22/AR22, "Tensión no aplica") -> 43.203883 | AW22: -0.52 | AX22: =AM22*101.97 -> 35.6895 | AY22: 0 | AZ22: 0 | BA22: D+0.75 W15(-)
K23: Profundidad de hinca [m] | L23: 2.5 | AK23: Poste General | AL23: 0 | AM23: -1.76 | AN23: =AM23*101.97 -> -179.4672 | AO23: 2736.59 | AP23: =ABS(AO23/AN23) -> 15.248413 | AQ23: 2.54 | AR23: =AQ23*101.97 -> 259.0038 | AS23: -2413 | AT23: =IF(AS23/AR23>=0,AS23/AR23, "Compresión no aplica") -> Compresión no aplica | AU23: 881.1 | AV23: =IF(AU23/AR23>=0,AU23/AR23, "Tensión no aplica") -> 3.4018806 | AW23: 2.63 | AX23: =AM23*101.97 -> -179.4672 | AY23: -0.25 | AZ23: 0 | BA23: D+0.75W60(+)
AK24: Poste General | AL24: 0 | AM24: 1.51 | AN24: =AM24*101.97 -> 153.9747 | AO24: 2736.59 | AP24: =ABS(AO24/AN24) -> 17.772985 | AQ24: 0.62 | AR24: =AQ24*101.97 -> 63.2214 | AS24: -2413 | AT24: =IF(AS24/AR24>=0,AS24/AR24, "Compresión no aplica") -> Compresión no aplica | AU24: 881.1 | AV24: =IF(AU24/AR24>=0,AU24/AR24, "Tensión no aplica") -> 13.936737 | AW24: -2.27 | AX24: =AM24*101.97 -> 153.9747 | AY24: -0.05 | AZ24: 0 | BA24: D+0.75W60(-)
AK25: Poste General | AL25: 0 | AM25: -0.88 | AN25: =AM25*101.97 -> -89.7336 | AO25: 2736.59 | AP25: =ABS(AO25/AN25) -> 30.496826 | AQ25: 5.62 | AR25: =AQ25*101.97 -> 573.0714 | AS25: -2413 | AT25: =IF(AS25/AR25>=0,AS25/AR25, "Compresión no aplica") -> Compresión no aplica | AU25: 881.1 | AV25: =IF(AU25/AR25>=0,AU25/AR25, "Tensión no aplica") -> 1.5375048 | AW25: 1.32 | AX25: =AM25*101.97 -> -89.7336 | AY25: 0.04 | AZ25: 0 | BA25: D+W15(+)
AK26: Poste General | AL26: 0 | AM26: 0.77 | AN26: =AM26*101.97 -> 78.5169 | AO26: 2736.59 | AP26: =ABS(AO26/AN26) -> 34.853516 | AQ26: -0.48 | AR26: =AQ26*101.97 -> -48.9456 | AS26: -2413 | AT26: =IF(AS26/AR26>=0,AS26/AR26, "Compresión no aplica") -> 49.299631 | AU26: 881.1 | AV26: =IF(AU26/AR26>=0,AU26/AR26, "Tensión no aplica") -> Tensión no aplica | AW26: -1.16 | AX26: =AM26*101.97 -> 78.5169 | AY26: -0.01 | AZ26: 0 | BA26: D+W15(-)
C27: Correlación prueba vertical 1 para W8X10 | K27: Correlación prueba vertical 2 para W8X10 | T27: Correlación prueba vertical 3 para W8X10 | AK27: Poste General | AL27: 0 | AM27: -3.95 | AN27: =AM27*101.97 -> -402.7815 | AO27: 2736.59 | AP27: =ABS(AO27/AN27) -> 6.7942296 | AQ27: 4.6 | AR27: =AQ27*101.97 -> 469.062 | AS27: -2413 | AT27: =IF(AS27/AR27>=0,AS27/AR27, "Compresión no aplica") -> Compresión no aplica | AU27: 881.1 | AV27: =IF(AU27/AR27>=0,AU27/AR27, "Tensión no aplica") -> 1.8784297 | AW27: 5.91 | AX27: =AM27*101.97 -> -402.7815 | AY27: 0.03 | AZ27: 0 | BA27: D+W60(+)
C28: Prueba de compresión vertical | K28: Prueba de compresión vertical | T28: Prueba de compresión vertical | AK28: Poste General | AL28: 0 | AM28: 3.4 | AN28: =AM28*101.97 -> 346.698 | AO28: 2736.59 | AP28: =ABS(AO28/AN28) -> 7.8932962 | AQ28: 0.43 | AR28: =AQ28*101.97 -> 43.8471 | AS28: -2413 | AT28: =IF(AS28/AR28>=0,AS28/AR28, "Compresión no aplica") -> Compresión no aplica | AU28: 881.1 | AV28: =IF(AU28/AR28>=0,AU28/AR28, "Tensión no aplica") -> 20.09483 | AW28: -5.08 | AX28: =AM28*101.97 -> 346.698 | AY28: 0 | AZ28: 0 | BA28: D+W60(-)
C29: Desplazamiento [mm] | D29: Fuerza [kg] | K29: Desplazamiento [mm] | L29: Fuerza [kg] | T29: Desplazamiento [mm] | U29: Fuerza [kg] | AK29: Poste General | AL29: 0 | AM29: -0.88 | AN29: =AM29*101.97 -> -89.7336 | AO29: 2736.59 | AP29: =ABS(AO29/AN29) -> 30.496826 | AQ29: 4.67 | AR29: =AQ29*101.97 -> 476.1999 | AS29: -2413 | AT29: =IF(AS29/AR29>=0,AS29/AR29, "Compresión no aplica") -> Compresión no aplica | AU29: 881.1 | AV29: =IF(AU29/AR29>=0,AU29/AR29, "Tensión no aplica") -> 1.8502734 | AW29: 1.32 | AX29: =AM29*101.97 -> -89.7336 | AY29: 0.03 | AZ29: 0 | BA29: 0.6D+W15(+)
C30: ='Pull out test IPE 160'!C26 -> 0 | D30: ='Pull out test IPE 160'!D26*'Interpolación para W8X10'!$E$5 -> 0 | K30: ='Pull out test IPE 160'!K26 -> 0 | L30: ='Pull out test IPE 160'!L9*'Interpolación para W8X10'!$E$5 -> 0 | T30: ='Pull out test IPE 160'!T26 -> 0 | U30: ='Pull out test IPE 160'!U26*'Interpolación para W8X10'!$E$5 -> 0 | AK30: Poste General | AL30: 0 | AM30: 0.77 | AN30: =AM30*101.97 -> 78.5169 | AO30: 2736.59 | AP30: =ABS(AO30/AN30) -> 34.853516 | AQ30: -1.43 | AR30: =AQ30*101.97 -> -145.8171 | AS30: -2413 | AT30: =IF(AS30/AR30>=0,AS30/AR30, "Compresión no aplica") -> 16.548128 | AU30: 881.1 | AV30: =IF(AU30/AR30>=0,AU30/AR30, "Tensión no aplica") -> Tensión no aplica | AW30: -1.16 | AX30: =AM30*101.97 -> 78.5169 | AY30: -0.01 | AZ30: 0 | BA30: 0.6D+W15(-)
C31: ='Pull out test IPE 160'!C27 -> 12.18 | D31: ='Pull out test IPE 160'!D27*'Interpolación para W8X10'!$E$5 -> 709.02439 | K31: ='Pull out test IPE 160'!K27 -> 1.07 | L31: ='Pull out test IPE 160'!L10*'Interpolación para W8X10'!$E$5 -> 833.41463 | T31: ='Pull out test IPE 160'!T27 -> 10.46 | U31: ='Pull out test IPE 160'!U27*'Interpolación para W8X10'!$E$5 -> 688.29268 | AK31: Poste General | AL31: 0 | AM31: -3.95 | AN31: =AM31*101.97 -> -402.7815 | AO31: 2736.59 | AP31: =ABS(AO31/AN31) -> 6.7942296 | AQ31: 3.65 | AR31: =AQ31*101.97 -> 372.1905 | AS31: -2413 | AT31: =IF(AS31/AR31>=0,AS31/AR31, "Compresión no aplica") -> Compresión no aplica | AU31: 881.1 | AV31: =IF(AU31/AR31>=0,AU31/AR31, "Tensión no aplica") -> 2.3673361 | AW31: 5.91 | AX31: =AM31*101.97 -> -402.7815 | AY31: 0.03 | AZ31: 0 | BA31: 0.6D+W60(+)
C32: ='Pull out test IPE 160'!C28 -> 25.8 | D32: ='Pull out test IPE 160'!D28*'Interpolación para W8X10'!$E$5 -> 881.09756 | K32: ='Pull out test IPE 160'!K28 -> 3.16 | L32: ='Pull out test IPE 160'!L11*'Interpolación para W8X10'!$E$5 -> 1281.2195 | T32: ='Pull out test IPE 160'!T28 -> 25.8 | U32: ='Pull out test IPE 160'!U28*'Interpolación para W8X10'!$E$5 -> 870.73171 | AK32: Poste General | AL32: 0 | AM32: 3.4 | AN32: =AM32*101.97 -> 346.698 | AO32: 2736.59 | AP32: =ABS(AO32/AN32) -> 7.8932962 | AQ32: -0.52 | AR32: =AQ32*101.97 -> -53.0244 | AS32: -2413 | AT32: =IF(AS32/AR32>=0,AS32/AR32, "Compresión no aplica") -> 45.507351 | AU32: 881.1 | AV32: =IF(AU32/AR32>=0,AU32/AR32, "Tensión no aplica") -> Tensión no aplica | AW32: -5.08 | AX32: =AM32*101.97 -> 346.698 | AY32: -0.01 | AZ32: 0 | BA32: 0.6D+W60(-)
C33: Profundidad de hinca [m] | D33: 2.5 | K33: ='Pull out test IPE 160'!K29 -> 6.78 | L33: ='Pull out test IPE 160'!L12*'Interpolación para W8X10'!$E$5 -> 1693.7805 | T33: Profundidad de hinca [m] | U33: 2.5 | AK33: Poste General | AL33: 0 | AM33: 0 | AN33: 1e-06 | AO33: 2736.59 | AP33: =ABS(AO33/AN33) -> 2.73659e+09 | AQ33: 2.37 | AR33: =AQ33*101.97 -> 241.6689 | AS33: -2413 | AT33: =IF(AS33/AR33>=0,AS33/AR33, "Compresión no aplica") -> Compresión no aplica | AU33: 881.1 | AV33: =IF(AU33/AR33>=0,AU33/AR33, "Tensión no aplica") -> 3.6458973 | AW33: 0 | AX33: =AM33*101.97 -> 0 | AY33: 0.02 | AZ33: 0 | BA33: D
K34: ='Pull out test IPE 160'!K30 -> 25.5 | L34: ='Pull out test IPE 160'!L13*'Interpolación para W8X10'!$E$5 -> 2168.5366 | AK34: Poste General | AL34: 0 | AM34: -0.39 | AN34: =AM34*101.97 -> -39.7683 | AO34: 2736.59 | AP34: =ABS(AO34/AN34) -> 68.813351 | AQ34: 2.63 | AR34: =AQ34*101.97 -> 268.1811 | AS34: -2413 | AT34: =IF(AS34/AR34>=0,AS34/AR34, "Compresión no aplica") -> Compresión no aplica | AU34: 881.1 | AV34: =IF(AU34/AR34>=0,AU34/AR34, "Tensión no aplica") -> 3.2854664 | AW34: 0.58 | AX34: =AM34*101.97 -> -39.7683 | AY34: 0.02 | AZ34: 0 | BA34: D+0.7E
K35: Profundidad de hinca [m] | L35: 2.5 | AK35: Poste General | AL35: 0 | AM35: -0.39 | AN35: =AM35*101.97 -> -39.7683 | AO35: 2736.59 | AP35: =ABS(AO35/AN35) -> 68.813351 | AQ35: 1.68 | AR35: =AQ35*101.97 -> 171.3096 | AS35: -2413 | AT35: =IF(AS35/AR35>=0,AS35/AR35, "Compresión no aplica") -> Compresión no aplica | AU35: 881.1 | AV35: =IF(AU35/AR35>=0,AU35/AR35, "Tensión no aplica") -> 5.1433195 | AW35: 0.58 | AX35: =AM35*101.97 -> -39.7683 | AY35: 0.01 | AZ35: 0 | BA35: 0.6D+0.7E
AK36: Poste General | AL36: 0 | AM36: -0.66 | AN36: =AM36*101.97 -> -67.3002 | AO36: 2736.59 | AP36: =ABS(AO36/AN36) -> 40.662435 | AQ36: 4.81 | AR36: =AQ36*101.97 -> 490.4757 | AS36: -2413 | AT36: =IF(AS36/AR36>=0,AS36/AR36, "Compresión no aplica") -> Compresión no aplica | AU36: 881.1 | AV36: =IF(AU36/AR36>=0,AU36/AR36, "Tensión no aplica") -> 1.7964193 | AW36: 0.99 | AX36: =AM36*101.97 -> -67.3002 | AY36: 0.03 | AZ36: 0 | BA36: D+0.75W15(+)
AK37: Poste General | AL37: 0 | AM37: 0.58 | AN37: =AM37*101.97 -> 59.1426 | AO37: 2736.59 | AP37: =ABS(AO37/AN37) -> 46.271047 | AQ37: 0.23 | AR37: =AQ37*101.97 -> 23.4531 | AS37: -2413 | AT37: =IF(AS37/AR37>=0,AS37/AR37, "Compresión no aplica") -> Compresión no aplica | AU37: 881.1 | AV37: =IF(AU37/AR37>=0,AU37/AR37, "Tensión no aplica") -> 37.568594 | AW37: -0.87 | AX37: =AM37*101.97 -> 59.1426 | AY37: 0 | AZ37: 0 | BA37: D+0.75 W15(-)
AK38: Poste General | AL38: 0 | AM38: -2.96 | AN38: =AM38*101.97 -> -301.8312 | AO38: 2736.59 | AP38: =ABS(AO38/AN38) -> 9.066624 | AQ38: 4.04 | AR38: =AQ38*101.97 -> 411.9588 | AS38: -2413 | AT38: =IF(AS38/AR38>=0,AS38/AR38, "Compresión no aplica") -> Compresión no aplica | AU38: 881.1 | AV38: =IF(AU38/AR38>=0,AU38/AR38, "Tensión no aplica") -> 2.1388061 | AW38: 4.43 | AX38: =AM38*101.97 -> -301.8312 | AY38: 0.03 | AZ38: 0 | BA38: D+0.75W60(+)
AK39: Poste General | AL39: 0 | AM39: 2.55 | AN39: =AM39*101.97 -> 260.0235 | AO39: 2736.59 | AP39: =ABS(AO39/AN39) -> 10.524395 | AQ39: 0.92 | AR39: =AQ39*101.97 -> 93.8124 | AS39: -2413 | AT39: =IF(AS39/AR39>=0,AS39/AR39, "Compresión no aplica") -> Compresión no aplica | AU39: 881.1 | AV39: =IF(AU39/AR39>=0,AU39/AR39, "Tensión no aplica") -> 9.3921486 | AW39: -3.81 | AX39: =AM39*101.97 -> 260.0235 | AY39: 0 | AZ39: 0 | BA39: D+0.75W60(-)
AK40: Poste General | AL40: 0 | AM40: -0.86 | AN40: =AM40*101.97 -> -87.6942 | AO40: 2736.59 | AP40: =ABS(AO40/AN40) -> 31.206055 | AQ40: 5.5 | AR40: =AQ40*101.97 -> 560.835 | AS40: -2413 | AT40: =IF(AS40/AR40>=0,AS40/AR40, "Compresión no aplica") -> Compresión no aplica | AU40: 881.1 | AV40: =IF(AU40/AR40>=0,AU40/AR40, "Tensión no aplica") -> 1.5710503 | AW40: 1.28 | AX40: =AM40*101.97 -> -87.6942 | AY40: -0.02 | AZ40: 0 | BA40: D+W15(+)
AK41: Poste General | AL41: 0 | AM41: 0.76 | AN41: =AM41*101.97 -> 77.4972 | AO41: 2736.59 | AP41: =ABS(AO41/AN41) -> 35.312115 | AQ41: -0.49 | AR41: =AQ41*101.97 -> -49.9653 | AS41: -2413 | AT41: =IF(AS41/AR41>=0,AS41/AR41, "Compresión no aplica") -> 48.293516 | AU41: 881.1 | AV41: =IF(AU41/AR41>=0,AU41/AR41, "Tensión no aplica") -> Tensión no aplica | AW41: -1.13 | AX41: =AM41*101.97 -> 77.4972 | AY41: 0.01 | AZ41: 0 | BA41: D+W15(-)
C42: Correlación prueba lateral 1 para W8X10 | K42: Correlación prueba lateral 2 para W8X10 | T42: Correlación prueba lateral 3 para W8X10 | AK42: Poste General | AL42: 0 | AM42: -3.82 | AN42: =AM42*101.97 -> -389.5254 | AO42: 2736.59 | AP42: =ABS(AO42/AN42) -> 7.0254469 | AQ42: 4.5 | AR42: =AQ42*101.97 -> 458.865 | AS42: -2413 | AT42: =IF(AS42/AR42>=0,AS42/AR42, "Compresión no aplica") -> Compresión no aplica | AU42: 881.1 | AV42: =IF(AU42/AR42>=0,AU42/AR42, "Tensión no aplica") -> 1.9201726 | AW42: 5.72 | AX42: =AM42*101.97 -> -389.5254 | AY42: -0.02 | AZ42: 0 | BA42: D+W60(+)
C43: Prueba de carga lateral | K43: Prueba de carga lateral | T43: Prueba de carga lateral | AK43: Poste General | AL43: 0 | AM43: 3.29 | AN43: =AM43*101.97 -> 335.4813 | AO43: 2736.59 | AP43: =ABS(AO43/AN43) -> 8.1572058 | AQ43: 0.41 | AR43: =AQ43*101.97 -> 41.8077 | AS43: -2413 | AT43: =IF(AS43/AR43>=0,AS43/AR43, "Compresión no aplica") -> Compresión no aplica | AU43: 881.1 | AV43: =IF(AU43/AR43>=0,AU43/AR43, "Tensión no aplica") -> 21.075065 | AW43: -4.93 | AX43: =AM43*101.97 -> 335.4813 | AY43: 0 | AZ43: 0 | BA43: D+W60(-)
C44: Desplazamiento [mm] | D44: Fuerza [kg] | K44: Desplazamiento [mm] | L44: Fuerza [kg] | T44: Desplazamiento [mm] | U44: Fuerza [kg] | AK44: Poste General | AL44: 0 | AM44: -0.86 | AN44: =AM44*101.97 -> -87.6942 | AO44: 2736.59 | AP44: =ABS(AO44/AN44) -> 31.206055 | AQ44: 4.58 | AR44: =AQ44*101.97 -> 467.0226 | AS44: -2413 | AT44: =IF(AS44/AR44>=0,AS44/AR44, "Compresión no aplica") -> Compresión no aplica | AU44: 881.1 | AV44: =IF(AU44/AR44>=0,AU44/AR44, "Tensión no aplica") -> 1.8866325 | AW44: 1.28 | AX44: =AM44*101.97 -> -87.6942 | AY44: -0.02 | AZ44: 0 | BA44: 0.6D+W15(+)
C45: ='Pull out test IPE 160'!C41 -> 0 | D45: ='Pull out test IPE 160'!D41*'Interpolación para W8X10'!$E$5 -> 0 | K45: ='Pull out test IPE 160'!K41/'Interpolación para W8X10'!$E$5 -> 0 | L45: ='Pull out test IPE 160'!L41*'Interpolación para W8X10'!$E$5 -> 0 | T45: 0 | U45: 0 | AK45: Poste General | AL45: 0 | AM45: 0.76 | AN45: =AM45*101.97 -> 77.4972 | AO45: 2736.59 | AP45: =ABS(AO45/AN45) -> 35.312115 | AQ45: -1.42 | AR45: =AQ45*101.97 -> -144.7974 | AS45: -2413 | AT45: =IF(AS45/AR45>=0,AS45/AR45, "Compresión no aplica") -> 16.664664 | AU45: 881.1 | AV45: =IF(AU45/AR45>=0,AU45/AR45, "Tensión no aplica") -> Tensión no aplica | AW45: -1.13 | AX45: =AM45*101.97 -> 77.4972 | AY45: 0.01 | AZ45: 0 | BA45: 0.6D+W15(-)
C46: ='Pull out test IPE 160'!C42 -> 4.44 | D46: ='Pull out test IPE 160'!D42*'Interpolación para W8X10'!$E$5 -> 725.60976 | K46: ='Pull out test IPE 160'!K42/'Interpolación para W8X10'!$E$5 -> 1.0611765 | L46: ='Pull out test IPE 160'!L42*'Interpolación para W8X10'!$E$5 -> 642.68293 | T46: ='Pull out test IPE 160'!T42 -> 3.08 | U46: ='Pull out test IPE 160'!U42*'Interpolación para W8X10'!$E$5 -> 663.41463 | AK46: Poste General | AL46: 0 | AM46: -3.82 | AN46: =AM46*101.97 -> -389.5254 | AO46: 2736.59 | AP46: =ABS(AO46/AN46) -> 7.0254469 | AQ46: 3.58 | AR46: =AQ46*101.97 -> 365.0526 | AS46: -2413 | AT46: =IF(AS46/AR46>=0,AS46/AR46, "Compresión no aplica") -> Compresión no aplica | AU46: 881.1 | AV46: =IF(AU46/AR46>=0,AU46/AR46, "Tensión no aplica") -> 2.4136248 | AW46: 5.72 | AX46: =AM46*101.97 -> -389.5254 | AY46: -0.01 | AZ46: 0 | BA46: 0.6D+W60(+)
C47: ='Pull out test IPE 160'!C43 -> 6.64 | D47: ='Pull out test IPE 160'!D43*'Interpolación para W8X10'!$E$5 -> 1086.3415 | K47: ='Pull out test IPE 160'!K43/'Interpolación para W8X10'!$E$5 -> 1.5049412 | L47: ='Pull out test IPE 160'!L43*'Interpolación para W8X10'!$E$5 -> 1140.2439 | T47: ='Pull out test IPE 160'!T43 -> 4.28 | U47: ='Pull out test IPE 160'!U43*'Interpolación para W8X10'!$E$5 -> 1098.7805 | AK47: Poste General | AL47: 0 | AM47: 3.29 | AN47: =AM47*101.97 -> 335.4813 | AO47: 2736.59 | AP47: =ABS(AO47/AN47) -> 8.1572058 | AQ47: -0.52 | AR47: =AQ47*101.97 -> -53.0244 | AS47: -2413 | AT47: =IF(AS47/AR47>=0,AS47/AR47, "Compresión no aplica") -> 45.507351 | AU47: 881.1 | AV47: =IF(AU47/AR47>=0,AU47/AR47, "Tensión no aplica") -> Tensión no aplica | AW47: -4.93 | AX47: =AM47*101.97 -> 335.4813 | AY47: 0.01 | AZ47: 0 | BA47: 0.6D+W60(-)
C48: ='Pull out test IPE 160'!C44 -> 10.11 | D48: ='Pull out test IPE 160'!D44*'Interpolación para W8X10'!$E$5 -> 1488.5366 | K48: ='Pull out test IPE 160'!K44/'Interpolación para W8X10'!$E$5 -> 2.1368235 | L48: ='Pull out test IPE 160'!L44*'Interpolación para W8X10'!$E$5 -> 1509.2683 | T48: ='Pull out test IPE 160'!T44 -> 6.64 | U48: ='Pull out test IPE 160'!U44*'Interpolación para W8X10'!$E$5 -> 1538.2927 | AK48: Poste General | AL48: 0 | AM48: 0 | AN48: 1e-05 | AO48: 2736.59 | AP48: =ABS(AO48/AN48) -> 273659000 | AQ48: 2.31 | AR48: =AQ48*101.97 -> 235.5507 | AS48: -2413 | AT48: =IF(AS48/AR48>=0,AS48/AR48, "Compresión no aplica") -> Compresión no aplica | AU48: 881.1 | AV48: =IF(AU48/AR48>=0,AU48/AR48, "Tensión no aplica") -> 3.740596 | AW48: 0 | AX48: =AM48*101.97 -> 0 | AY48: -0.01 | AZ48: 0 | BA48: D
C49: ='Pull out test IPE 160'!C45 -> 17.26 | D49: ='Pull out test IPE 160'!D45*'Interpolación para W8X10'!$E$5 -> 2135.3659 | K49: ='Pull out test IPE 160'!K45/'Interpolación para W8X10'!$E$5 -> 3.3234118 | L49: ='Pull out test IPE 160'!L45*'Interpolación para W8X10'!$E$5 -> 2156.0976 | T49: ='Pull out test IPE 160'!T45 -> 10.4 | U49: ='Pull out test IPE 160'!U45*'Interpolación para W8X10'!$E$5 -> 2147.8049 | AK49: Poste General | AL49: 0 | AM49: -0.38 | AN49: =AM49*101.97 -> -38.7486 | AO49: 2736.59 | AP49: =ABS(AO49/AN49) -> 70.624229 | AQ49: 2.56 | AR49: =AQ49*101.97 -> 261.0432 | AS49: -2413 | AT49: =IF(AS49/AR49>=0,AS49/AR49, "Compresión no aplica") -> Compresión no aplica | AU49: 881.1 | AV49: =IF(AU49/AR49>=0,AU49/AR49, "Tensión no aplica") -> 3.3753034 | AW49: 0.56 | AX49: =AM49*101.97 -> -38.7486 | AY49: -0.01 | AZ49: 0 | BA49: D+0.7E
C50: ='Pull out test IPE 160'!C46 -> 24.6 | D50: ='Pull out test IPE 160'!D46*'Interpolación para W8X10'!$E$5 -> 2570.7317 | K50: ='Pull out test IPE 160'!K46/'Interpolación para W8X10'!$E$5 -> 4.6209412 | L50: ='Pull out test IPE 160'!L46*'Interpolación para W8X10'!$E$5 -> 2628.7805 | T50: ='Pull out test IPE 160'!T46 -> 14.12 | U50: ='Pull out test IPE 160'!U46*'Interpolación para W8X10'!$E$5 -> 2653.6585 | AK50: Poste General | AL50: 0 | AM50: -0.38 | AN50: =AM50*101.97 -> -38.7486 | AO50: 2736.59 | AP50: =ABS(AO50/AN50) -> 70.624229 | AQ50: 1.64 | AR50: =AQ50*101.97 -> 167.2308 | AS50: -2413 | AT50: =IF(AS50/AR50>=0,AS50/AR50, "Compresión no aplica") -> Compresión no aplica | AU50: 881.1 | AV50: =IF(AU50/AR50>=0,AU50/AR50, "Tensión no aplica") -> 5.2687663 | AW50: 0.56 | AX50: =AM50*101.97 -> -38.7486 | AY50: 0 | AZ50: 0 | BA50: 0.6D+0.7E
C51: ='Pull out test IPE 160'!C47 -> 25.57 | D51: ='Pull out test IPE 160'!D47*'Interpolación para W8X10'!$E$5 -> 2736.5854 | K51: ='Pull out test IPE 160'!K47/'Interpolación para W8X10'!$E$5 -> 5.5663529 | L51: ='Pull out test IPE 160'!L47*'Interpolación para W8X10'!$E$5 -> 3030.9756 | T51: ='Pull out test IPE 160'!T47 -> 16.9 | U51: ='Pull out test IPE 160'!U47*'Interpolación para W8X10'!$E$5 -> 3037.1951 | AK51: Poste General | AL51: 0 | AM51: -0.64 | AN51: =AM51*101.97 -> -65.2608 | AO51: 2736.59 | AP51: =ABS(AO51/AN51) -> 41.933136 | AQ51: 4.7 | AR51: =AQ51*101.97 -> 479.259 | AS51: -2413 | AT51: =IF(AS51/AR51>=0,AS51/AR51, "Compresión no aplica") -> Compresión no aplica | AU51: 881.1 | AV51: =IF(AU51/AR51>=0,AU51/AR51, "Tensión no aplica") -> 1.8384631 | AW51: 0.96 | AX51: =AM51*101.97 -> -65.2608 | AY51: -0.02 | AZ51: 0 | BA51: D+0.75W15(+)
C52: Profundidad de hinca [m] | D52: 2.5 | K52: ='Pull out test IPE 160'!K48/'Interpolación para W8X10'!$E$5 -> 6.7047059 | L52: ='Pull out test IPE 160'!L48*'Interpolación para W8X10'!$E$5 -> 3429.0244 | T52: ='Pull out test IPE 160'!T48 -> 20.5 | U52: ='Pull out test IPE 160'!U48*'Interpolación para W8X10'!$E$5 -> 3387.561 | AK52: Poste General | AL52: 0 | AM52: 0.57 | AN52: =AM52*101.97 -> 58.1229 | AO52: 2736.59 | AP52: =ABS(AO52/AN52) -> 47.082819 | AQ52: 0.21 | AR52: =AQ52*101.97 -> 21.4137 | AS52: -2413 | AT52: =IF(AS52/AR52>=0,AS52/AR52, "Compresión no aplica") -> Compresión no aplica | AU52: 881.1 | AV52: =IF(AU52/AR52>=0,AU52/AR52, "Tensión no aplica") -> 41.146556 | AW52: -0.85 | AX52: =AM52*101.97 -> 58.1229 | AY52: 0 | AZ52: 0 | BA52: D+0.75 W15(-)
K53: ='Pull out test IPE 160'!K49/'Interpolación para W8X10'!$E$5 -> 8.0552941 | L53: ='Pull out test IPE 160'!L49*'Interpolación para W8X10'!$E$5 -> 3874.7561 | T53: ='Pull out test IPE 160'!T49 -> 24.6 | U53: ='Pull out test IPE 160'!U49*'Interpolación para W8X10'!$E$5 -> 3814.6341 | AK53: Poste General | AL53: 0 | AM53: -2.87 | AN53: =AM53*101.97 -> -292.6539 | AO53: 2736.59 | AP53: =ABS(AO53/AN53) -> 9.3509432 | AQ53: 3.96 | AR53: =AQ53*101.97 -> 403.8012 | AS53: -2413 | AT53: =IF(AS53/AR53>=0,AS53/AR53, "Compresión no aplica") -> Compresión no aplica | AU53: 881.1 | AV53: =IF(AU53/AR53>=0,AU53/AR53, "Tensión no aplica") -> 2.1820143 | AW53: 4.29 | AX53: =AM53*101.97 -> -292.6539 | AY53: -0.01 | AZ53: 0 | BA53: D+0.75W60(+)
K54: ='Pull out test IPE 160'!K50/'Interpolación para W8X10'!$E$5 -> 9.9847059 | L54: ='Pull out test IPE 160'!L50*'Interpolación para W8X10'!$E$5 -> 4295.6098 | T54: ='Pull out test IPE 160'!T50 -> 25.3 | U54: ='Pull out test IPE 160'!U50*'Interpolación para W8X10'!$E$5 -> 4013.6585 | AK54: Poste General | AL54: 0 | AM54: 2.47 | AN54: =AM54*101.97 -> 251.8659 | AO54: 2736.59 | AP54: =ABS(AO54/AN54) -> 10.865266 | AQ54: 0.88 | AR54: =AQ54*101.97 -> 89.7336 | AS54: -2413 | AT54: =IF(AS54/AR54>=0,AS54/AR54, "Compresión no aplica") -> Compresión no aplica | AU54: 881.1 | AV54: =IF(AU54/AR54>=0,AU54/AR54, "Tensión no aplica") -> 9.8190644 | AW54: -3.7 | AX54: =AM54*101.97 -> 251.8659 | AY54: 0 | AZ54: 0 | BA54: D+0.75W60(-)
K55: Profundidad de hinca [m] | L55: 2.5 | T55: Profundidad de hinca [m] | U55: 2.5 | AK55: Poste General | AL55: 0 | AM55: -0.82 | AN55: =AM55*101.97 -> -83.6154 | AO55: 2736.59 | AP55: =ABS(AO55/AN55) -> 32.728301 | AQ55: 5.65 | AR55: =AQ55*101.97 -> 576.1305 | AS55: -2413 | AT55: =IF(AS55/AR55>=0,AS55/AR55, "Compresión no aplica") -> Compresión no aplica | AU55: 881.1 | AV55: =IF(AU55/AR55>=0,AU55/AR55, "Tensión no aplica") -> 1.529341 | AW55: 1.23 | AX55: =AM55*101.97 -> -83.6154 | AY55: 0.01 | AZ55: 0 | BA55: D+W15(+)
AK56: Poste General | AL56: 0 | AM56: 0.71 | AN56: =AM56*101.97 -> 72.3987 | AO56: 2736.59 | AP56: =ABS(AO56/AN56) -> 37.798883 | AQ56: -0.31 | AR56: =AQ56*101.97 -> -31.6107 | AS56: -2413 | AT56: =IF(AS56/AR56>=0,AS56/AR56, "Compresión no aplica") -> 76.334912 | AU56: 881.1 | AV56: =IF(AU56/AR56>=0,AU56/AR56, "Tensión no aplica") -> Tensión no aplica | AW56: -1.07 | AX56: =AM56*101.97 -> 72.3987 | AY56: -0.02 | AZ56: 0 | BA56: D+W15(-)
AK57: Poste General | AL57: 0 | AM57: -3.8 | AN57: =AM57*101.97 -> -387.486 | AO57: 2736.59 | AP57: =ABS(AO57/AN57) -> 7.0624229 | AQ57: 4.66 | AR57: =AQ57*101.97 -> 475.1802 | AS57: -2413 | AT57: =IF(AS57/AR57>=0,AS57/AR57, "Compresión no aplica") -> Compresión no aplica | AU57: 881.1 | AV57: =IF(AU57/AR57>=0,AU57/AR57, "Tensión no aplica") -> 1.8542439 | AW57: 5.68 | AX57: =AM57*101.97 -> -387.486 | AY57: 0 | AZ57: 0 | BA57: D+W60(+)
AK58: Poste General | AL58: 0 | AM58: 3.25 | AN58: =AM58*101.97 -> 331.4025 | AO58: 2736.59 | AP58: =ABS(AO58/AN58) -> 8.2576022 | AQ58: 0.58 | AR58: =AQ58*101.97 -> 59.1426 | AS58: -2413 | AT58: =IF(AS58/AR58>=0,AS58/AR58, "Compresión no aplica") -> Compresión no aplica | AU58: 881.1 | AV58: =IF(AU58/AR58>=0,AU58/AR58, "Tensión no aplica") -> 14.897891 | AW58: -4.86 | AX58: =AM58*101.97 -> 331.4025 | AY58: -0.02 | AZ58: 0 | BA58: D+W60(-)
AK59: Poste General | AL59: 0 | AM59: -0.82 | AN59: =AM59*101.97 -> -83.6154 | AO59: 2736.59 | AP59: =ABS(AO59/AN59) -> 32.728301 | AQ59: 4.66 | AR59: =AQ59*101.97 -> 475.1802 | AS59: -2413 | AT59: =IF(AS59/AR59>=0,AS59/AR59, "Compresión no aplica") -> Compresión no aplica | AU59: 881.1 | AV59: =IF(AU59/AR59>=0,AU59/AR59, "Tensión no aplica") -> 1.8542439 | AW59: 1.23 | AX59: =AM59*101.97 -> -83.6154 | AY59: 0.01 | AZ59: 0 | BA59: 0.6D+W15(+)
AK60: Poste General | AL60: 0 | AM60: 0.71 | AN60: =AM60*101.97 -> 72.3987 | AO60: 2736.59 | AP60: =ABS(AO60/AN60) -> 37.798883 | AQ60: -1.3 | AR60: =AQ60*101.97 -> -132.561 | AS60: -2413 | AT60: =IF(AS60/AR60>=0,AS60/AR60, "Compresión no aplica") -> 18.202941 | AU60: 881.1 | AV60: =IF(AU60/AR60>=0,AU60/AR60, "Tensión no aplica") -> Tensión no aplica | AW60: -1.07 | AX60: =AM60*101.97 -> 72.3987 | AY60: -0.02 | AZ60: 0 | BA60: 0.6D+W15(-)
AK61: Poste General | AL61: 0 | AM61: -3.8 | AN61: =AM61*101.97 -> -387.486 | AO61: 2736.59 | AP61: =ABS(AO61/AN61) -> 7.0624229 | AQ61: 3.66 | AR61: =AQ61*101.97 -> 373.2102 | AS61: -2413 | AT61: =IF(AS61/AR61>=0,AS61/AR61, "Compresión no aplica") -> Compresión no aplica | AU61: 881.1 | AV61: =IF(AU61/AR61>=0,AU61/AR61, "Tensión no aplica") -> 2.360868 | AW61: 5.68 | AX61: =AM61*101.97 -> -387.486 | AY61: 0.01 | AZ61: 0 | BA61: 0.6D+W60(+)
AK62: Poste General | AL62: 0 | AM62: 3.25 | AN62: =AM62*101.97 -> 331.4025 | AO62: 2736.59 | AP62: =ABS(AO62/AN62) -> 8.2576022 | AQ62: -0.41 | AR62: =AQ62*101.97 -> -41.8077 | AS62: -2413 | AT62: =IF(AS62/AR62>=0,AS62/AR62, "Compresión no aplica") -> 57.716641 | AU62: 881.1 | AV62: =IF(AU62/AR62>=0,AU62/AR62, "Tensión no aplica") -> Tensión no aplica | AW62: -4.86 | AX62: =AM62*101.97 -> 331.4025 | AY62: -0.02 | AZ62: 0 | BA62: 0.6D+W60(-)
AK63: Poste General | AL63: 0 | AM63: 0 | AN63: 1e-05 | AO63: 2736.59 | AP63: =ABS(AO63/AN63) -> 273659000 | AQ63: 2.48 | AR63: =AQ63*101.97 -> 252.8856 | AS63: -2413 | AT63: =IF(AS63/AR63>=0,AS63/AR63, "Compresión no aplica") -> Compresión no aplica | AU63: 881.1 | AV63: =IF(AU63/AR63>=0,AU63/AR63, "Tensión no aplica") -> 3.4841842 | AW63: 0 | AX63: =AM63*101.97 -> 0 | AY63: -0.01 | AZ63: 0 | BA63: D
AK64: Poste General | AL64: 0 | AM64: -0.38 | AN64: =AM64*101.97 -> -38.7486 | AO64: 2736.59 | AP64: =ABS(AO64/AN64) -> 70.624229 | AQ64: 2.73 | AR64: =AQ64*101.97 -> 278.3781 | AS64: -2413 | AT64: =IF(AS64/AR64>=0,AS64/AR64, "Compresión no aplica") -> Compresión no aplica | AU64: 881.1 | AV64: =IF(AU64/AR64>=0,AU64/AR64, "Tensión no aplica") -> 3.1651197 | AW64: 0.56 | AX64: =AM64*101.97 -> -38.7486 | AY64: -0.01 | AZ64: 0 | BA64: D+0.7E
AK65: Poste General | AL65: 0 | AM65: -0.38 | AN65: =AM65*101.97 -> -38.7486 | AO65: 2736.59 | AP65: =ABS(AO65/AN65) -> 70.624229 | AQ65: 1.74 | AR65: =AQ65*101.97 -> 177.4278 | AS65: -2413 | AT65: =IF(AS65/AR65>=0,AS65/AR65, "Compresión no aplica") -> Compresión no aplica | AU65: 881.1 | AV65: =IF(AU65/AR65>=0,AU65/AR65, "Tensión no aplica") -> 4.9659636 | AW65: 0.56 | AX65: =AM65*101.97 -> -38.7486 | AY65: 0 | AZ65: 0 | BA65: 0.6D+0.7E
AK66: Poste General | AL66: 0 | AM66: -0.62 | AN66: =AM66*101.97 -> -63.2214 | AO66: 2736.59 | AP66: =ABS(AO66/AN66) -> 43.285818 | AQ66: 4.86 | AR66: =AQ66*101.97 -> 495.5742 | AS66: -2413 | AT66: =IF(AS66/AR66>=0,AS66/AR66, "Compresión no aplica") -> Compresión no aplica | AU66: 881.1 | AV66: =IF(AU66/AR66>=0,AU66/AR66, "Tensión no aplica") -> 1.7779376 | AW66: 0.92 | AX66: =AM66*101.97 -> -63.2214 | AY66: 0.01 | AZ66: 0 | BA66: D+0.75W15(+)
AK67: Poste General | AL67: 0 | AM67: 0.53 | AN67: =AM67*101.97 -> 54.0441 | AO67: 2736.59 | AP67: =ABS(AO67/AN67) -> 50.63624 | AQ67: 0.39 | AR67: =AQ67*101.97 -> 39.7683 | AS67: -2413 | AT67: =IF(AS67/AR67>=0,AS67/AR67, "Compresión no aplica") -> Compresión no aplica | AU67: 881.1 | AV67: =IF(AU67/AR67>=0,AU67/AR67, "Tensión no aplica") -> 22.155838 | AW67: -0.8 | AX67: =AM67*101.97 -> 54.0441 | AY67: -0.02 | AZ67: 0 | BA67: D+0.75 W15(-)
AK68: Poste General | AL68: 0 | AM68: -2.85 | AN68: =AM68*101.97 -> -290.6145 | AO68: 2736.59 | AP68: =ABS(AO68/AN68) -> 9.4165639 | AQ68: 4.11 | AR68: =AQ68*101.97 -> 419.0967 | AS68: -2413 | AT68: =IF(AS68/AR68>=0,AS68/AR68, "Compresión no aplica") -> Compresión no aplica | AU68: 881.1 | AV68: =IF(AU68/AR68>=0,AU68/AR68, "Tensión no aplica") -> 2.1023788 | AW68: 4.26 | AX68: =AM68*101.97 -> -290.6145 | AY68: 0 | AZ68: 0 | BA68: D+0.75W60(+)
AK69: Poste General | AL69: 0 | AM69: 2.44 | AN69: =AM69*101.97 -> 248.8068 | AO69: 2736.59 | AP69: =ABS(AO69/AN69) -> 10.998855 | AQ69: 1.06 | AR69: =AQ69*101.97 -> 108.0882 | AS69: -2413 | AT69: =IF(AS69/AR69>=0,AS69/AR69, "Compresión no aplica") -> Compresión no aplica | AU69: 881.1 | AV69: =IF(AU69/AR69>=0,AU69/AR69, "Tensión no aplica") -> 8.1516761 | AW69: -3.65 | AX69: =AM69*101.97 -> 248.8068 | AY69: -0.02 | AZ69: 0 | BA69: D+0.75W60(-)
AK70: Poste General | AL70: 0 | AM70: -0.89 | AN70: =AM70*101.97 -> -90.7533 | AO70: 2736.59 | AP70: =ABS(AO70/AN70) -> 30.154165 | AQ70: 5.62 | AR70: =AQ70*101.97 -> 573.0714 | AS70: -2413 | AT70: =IF(AS70/AR70>=0,AS70/AR70, "Compresión no aplica") -> Compresión no aplica | AU70: 881.1 | AV70: =IF(AU70/AR70>=0,AU70/AR70, "Tensión no aplica") -> 1.5375048 | AW70: 1.33 | AX70: =AM70*101.97 -> -90.7533 | AY70: 0.01 | AZ70: 0 | BA70: D+W15(+)
AK71: Poste General | AL71: 0 | AM71: 0.81 | AN71: =AM71*101.97 -> 82.5957 | AO71: 2736.59 | AP71: =ABS(AO71/AN71) -> 33.132354 | AQ71: -0.08 | AR71: =AQ71*101.97 -> -8.1576 | AS71: -2413 | AT71: =IF(AS71/AR71>=0,AS71/AR71, "Compresión no aplica") -> 295.79778 | AU71: 881.1 | AV71: =IF(AU71/AR71>=0,AU71/AR71, "Tensión no aplica") -> Tensión no aplica | AW71: -1.22 | AX71: =AM71*101.97 -> 82.5957 | AY71: 0.01 | AZ71: 0 | BA71: D+W15(-)
AK72: Poste General | AL72: 0 | AM72: -3.68 | AN72: =AM72*101.97 -> -375.2496 | AO72: 2736.59 | AP72: =ABS(AO72/AN72) -> 7.2927193 | AQ72: 4.67 | AR72: =AQ72*101.97 -> 476.1999 | AS72: -2413 | AT72: =IF(AS72/AR72>=0,AS72/AR72, "Compresión no aplica") -> Compresión no aplica | AU72: 881.1 | AV72: =IF(AU72/AR72>=0,AU72/AR72, "Tensión no aplica") -> 1.8502734 | AW72: 5.5 | AX72: =AM72*101.97 -> -375.2496 | AY72: 0.01 | AZ72: 0 | BA72: D+W60(+)
AK73: Poste General | AL73: 0 | AM73: 3.21 | AN73: =AM73*101.97 -> 327.3237 | AO73: 2736.59 | AP73: =ABS(AO73/AN73) -> 8.3605006 | AQ73: 0.78 | AR73: =AQ73*101.97 -> 79.5366 | AS73: -2413 | AT73: =IF(AS73/AR73>=0,AS73/AR73, "Compresión no aplica") -> Compresión no aplica | AU73: 881.1 | AV73: =IF(AU73/AR73>=0,AU73/AR73, "Tensión no aplica") -> 11.077919 | AW73: -4.8 | AX73: =AM73*101.97 -> 327.3237 | AY73: 0.01 | AZ73: 0 | BA73: D+W60(-)
AK74: Poste General | AL74: 0 | AM74: -0.89 | AN74: =AM74*101.97 -> -90.7533 | AO74: 2736.59 | AP74: =ABS(AO74/AN74) -> 30.154165 | AQ74: 4.58 | AR74: =AQ74*101.97 -> 467.0226 | AS74: -2413 | AT74: =IF(AS74/AR74>=0,AS74/AR74, "Compresión no aplica") -> Compresión no aplica | AU74: 881.1 | AV74: =IF(AU74/AR74>=0,AU74/AR74, "Tensión no aplica") -> 1.8866325 | AW74: 1.33 | AX74: =AM74*101.97 -> -90.7533 | AY74: 0 | AZ74: 0 | BA74: 0.6D+W15(+)
AK75: Poste General | AL75: 0 | AM75: 0.81 | AN75: =AM75*101.97 -> 82.5957 | AO75: 2736.59 | AP75: =ABS(AO75/AN75) -> 33.132354 | AQ75: -1.11 | AR75: =AQ75*101.97 -> -113.1867 | AS75: -2413 | AT75: =IF(AS75/AR75>=0,AS75/AR75, "Compresión no aplica") -> 21.318759 | AU75: 881.1 | AV75: =IF(AU75/AR75>=0,AU75/AR75, "Tensión no aplica") -> Tensión no aplica | AW75: -1.22 | AX75: =AM75*101.97 -> 82.5957 | AY75: 0 | AZ75: 0 | BA75: 0.6D+W15(-)
... AK77: Poste General | AL77: 0 | AM77: 3.21 | AN77: =AM77*101.97 -> 327.3237 | AO77: 2736.59 | AP77: =ABS(AO77/AN77) -> 8.3605006 | AQ77: -0.26 | AR77: =AQ77*101.97 -> -26.5122 | AS77: -2413 | AT77: =IF(AS77/AR77>=0,AS77/AR77, "Compresión no aplica") -> 91.014703 | AU77: 881.1 | AV77: =IF(AU77/AR77>=0,AU77/AR77, "Tensión no aplica") -> Tensión no aplica | AW77: -4.8 | AX77: =AM77*101.97 -> 327.3237 | AY77: 0 | AZ77: 0 | BA77: 0.6D+W60(-)
AK78: Poste General | AL78: 0 | AM78: 0 | AN78: 1e-05 | AO78: 2736.59 | AP78: =ABS(AO78/AN78) -> 273659000 | AQ78: 2.59 | AR78: =AQ78*101.97 -> 264.1023 | AS78: -2413 | AT78: =IF(AS78/AR78>=0,AS78/AR78, "Compresión no aplica") -> Compresión no aplica | AU78: 881.1 | AV78: =IF(AU78/AR78>=0,AU78/AR78, "Tensión no aplica") -> 3.3362072 | AW78: 0 | AX78: =AM78*101.97 -> 0 | AY78: 0.01 | AZ78: 0 | BA78: D
AK79: Poste General | AL79: 0 | AM79: -0.36 | AN79: =AM79*101.97 -> -36.7092 | AO79: 2736.59 | AP79: =ABS(AO79/AN79) -> 74.547797 | AQ79: 2.83 | AR79: =AQ79*101.97 -> 288.5751 | AS79: -2413 | AT79: =IF(AS79/AR79>=0,AS79/AR79, "Compresión no aplica") -> Compresión no aplica | AU79: 881.1 | AV79: =IF(AU79/AR79>=0,AU79/AR79, "Tensión no aplica") -> 3.053278 | AW79: 0.53 | AX79: =AM79*101.97 -> -36.7092 | AY79: 0.01 | AZ79: 0 | BA79: D+0.7E
AK80: Poste General | AL80: 0 | AM80: -0.36 | AN80: =AM80*101.97 -> -36.7092 | AO80: 2736.59 | AP80: =ABS(AO80/AN80) -> 74.547797 | AQ80: 1.79 | AR80: =AQ80*101.97 -> 182.5263 | AS80: -2413 | AT80: =IF(AS80/AR80>=0,AS80/AR80, "Compresión no aplica") -> Compresión no aplica | AU80: 881.1 | AV80: =IF(AU80/AR80>=0,AU80/AR80, "Tensión no aplica") -> 4.8272496 | AW80: 0.53 | AX80: =AM80*101.97 -> -36.7092 | AY80: 0 | AZ80: 0 | BA80: 0.6D+0.7E
AK81: Poste General | AL81: 0 | AM81: -0.67 | AN81: =AM81*101.97 -> -68.3199 | AO81: 2736.59 | AP81: =ABS(AO81/AN81) -> 40.055533 | AQ81: 4.86 | AR81: =AQ81*101.97 -> 495.5742 | AS81: -2413 | AT81: =IF(AS81/AR81>=0,AS81/AR81, "Compresión no aplica") -> Compresión no aplica | AU81: 881.1 | AV81: =IF(AU81/AR81>=0,AU81/AR81, "Tensión no aplica") -> 1.7779376 | AW81: 1 | AX81: =AM81*101.97 -> -68.3199 | AY81: 0.01 | AZ81: 0 | BA81: D+0.75W15(+)
AK82: Poste General | AL82: 0 | AM82: 0.61 | AN82: =AM82*101.97 -> 62.2017 | AO82: 2736.59 | AP82: =ABS(AO82/AN82) -> 43.995421 | AQ82: 0.59 | AR82: =AQ82*101.97 -> 60.1623 | AS82: -2413 | AT82: =IF(AS82/AR82>=0,AS82/AR82, "Compresión no aplica") -> Compresión no aplica | AU82: 881.1 | AV82: =IF(AU82/AR82>=0,AU82/AR82, "Tensión no aplica") -> 14.645384 | AW82: -0.91 | AX82: =AM82*101.97 -> 62.2017 | AY82: 0.01 | AZ82: 0 | BA82: D+0.75 W15(-)
AK83: Poste General | AL83: 0 | AM83: -2.76 | AN83: =AM83*101.97 -> -281.4372 | AO83: 2736.59 | AP83: =ABS(AO83/AN83) -> 9.7236257 | AQ83: 4.15 | AR83: =AQ83*101.97 -> 423.1755 | AS83: -2413 | AT83: =IF(AS83/AR83>=0,AS83/AR83, "Compresión no aplica") -> Compresión no aplica | AU83: 881.1 | AV83: =IF(AU83/AR83>=0,AU83/AR83, "Tensión no aplica") -> 2.0821149 | AW83: 4.13 | AX83: =AM83*101.97 -> -281.4372 | AY83: 0.01 | AZ83: 0 | BA83: D+0.75W60(+)
AK84: Poste General | AL84: 0 | AM84: 2.4 | AN84: =AM84*101.97 -> 244.728 | AO84: 2736.59 | AP84: =ABS(AO84/AN84) -> 11.18217 | AQ84: 1.23 | AR84: =AQ84*101.97 -> 125.4231 | AS84: -2413 | AT84: =IF(AS84/AR84>=0,AS84/AR84, "Compresión no aplica") -> Compresión no aplica | AU84: 881.1 | AV84: =IF(AU84/AR84>=0,AU84/AR84, "Tensión no aplica") -> 7.0250217 | AW84: -3.6 | AX84: =AM84*101.97 -> 244.728 | AY84: 0.01 | AZ84: 0 | BA84: D+0.75W60(-)
AK85: Poste General | AL85: 0 | AM85: -0.89 | AN85: =AM85*101.97 -> -90.7533 | AO85: 2736.59 | AP85: =ABS(AO85/AN85) -> 30.154165 | AQ85: 5.62 | AR85: =AQ85*101.97 -> 573.0714 | AS85: -2413 | AT85: =IF(AS85/AR85>=0,AS85/AR85, "Compresión no aplica") -> Compresión no aplica | AU85: 881.1 | AV85: =IF(AU85/AR85>=0,AU85/AR85, "Tensión no aplica") -> 1.5375048 | AW85: 1.34 | AX85: =AM85*101.97 -> -90.7533 | AY85: -0.01 | AZ85: 0 | BA85: D+W15(+)
AK86: Poste General | AL86: 0 | AM86: 0.82 | AN86: =AM86*101.97 -> 83.6154 | AO86: 2736.59 | AP86: =ABS(AO86/AN86) -> 32.728301 | AQ86: -0.08 | AR86: =AQ86*101.97 -> -8.1576 | AS86: -2413 | AT86: =IF(AS86/AR86>=0,AS86/AR86, "Compresión no aplica") -> 295.79778 | AU86: 881.1 | AV86: =IF(AU86/AR86>=0,AU86/AR86, "Tensión no aplica") -> Tensión no aplica | AW86: -1.22 | AX86: =AM86*101.97 -> 83.6154 | AY86: -0.01 | AZ86: 0 | BA86: D+W15(-)
AK87: Poste General | AL87: 0 | AM87: -3.68 | AN87: =AM87*101.97 -> -375.2496 | AO87: 2736.59 | AP87: =ABS(AO87/AN87) -> 7.2927193 | AQ87: 4.67 | AR87: =AQ87*101.97 -> 476.1999 | AS87: -2413 | AT87: =IF(AS87/AR87>=0,AS87/AR87, "Compresión no aplica") -> Compresión no aplica | AU87: 881.1 | AV87: =IF(AU87/AR87>=0,AU87/AR87, "Tensión no aplica") -> 1.8502734 | AW87: 5.51 | AX87: =AM87*101.97 -> -375.2496 | AY87: -0.01 | AZ87: 0 | BA87: D+W60(+)
AK88: Poste General | AL88: 0 | AM88: 3.21 | AN88: =AM88*101.97 -> 327.3237 | AO88: 2736.59 | AP88: =ABS(AO88/AN88) -> 8.3605006 | AQ88: 0.78 | AR88: =AQ88*101.97 -> 79.5366 | AS88: -2413 | AT88: =IF(AS88/AR88>=0,AS88/AR88, "Compresión no aplica") -> Compresión no aplica | AU88: 881.1 | AV88: =IF(AU88/AR88>=0,AU88/AR88, "Tensión no aplica") -> 11.077919 | AW88: -4.8 | AX88: =AM88*101.97 -> 327.3237 | AY88: -0.01 | AZ88: 0 | BA88: D+W60(-)
AK89: Poste General | AL89: 0 | AM89: -0.89 | AN89: =AM89*101.97 -> -90.7533 | AO89: 2736.59 | AP89: =ABS(AO89/AN89) -> 30.154165 | AQ89: 4.58 | AR89: =AQ89*101.97 -> 467.0226 | AS89: -2413 | AT89: =IF(AS89/AR89>=0,AS89/AR89, "Compresión no aplica") -> Compresión no aplica | AU89: 881.1 | AV89: =IF(AU89/AR89>=0,AU89/AR89, "Tensión no aplica") -> 1.8866325 | AW89: 1.34 | AX89: =AM89*101.97 -> -90.7533 | AY89: 0 | AZ89: 0 | BA89: 0.6D+W15(+)
AK90: Poste General | AL90: 0 | AM90: 0.82 | AN90: =AM90*101.97 -> 83.6154 | AO90: 2736.59 | AP90: =ABS(AO90/AN90) -> 32.728301 | AQ90: -1.11 | AR90: =AQ90*101.97 -> -113.1867 | AS90: -2413 | AT90: =IF(AS90/AR90>=0,AS90/AR90, "Compresión no aplica") -> 21.318759 | AU90: 881.1 | AV90: =IF(AU90/AR90>=0,AU90/AR90, "Tensión no aplica") -> Tensión no aplica | AW90: -1.22 | AX90: =AM90*101.97 -> 83.6154 | AY90: 0 | AZ90: 0 | BA90: 0.6D+W15(-)
... AK92: Poste General | AL92: 0 | AM92: 3.21 | AN92: =AM92*101.97 -> 327.3237 | AO92: 2736.59 | AP92: =ABS(AO92/AN92) -> 8.3605006 | AQ92: -0.26 | AR92: =AQ92*101.97 -> -26.5122 | AS92: -2413 | AT92: =IF(AS92/AR92>=0,AS92/AR92, "Compresión no aplica") -> 91.014703 | AU92: 881.1 | AV92: =IF(AU92/AR92>=0,AU92/AR92, "Tensión no aplica") -> Tensión no aplica | AW92: -4.8 | AX92: =AM92*101.97 -> 327.3237 | AY92: 0 | AZ92: 0 | BA92: 0.6D+W60(-)
AK93: Poste General | AL93: 0 | AM93: 0 | AN93: 1e-06 | AO93: 2736.59 | AP93: =ABS(AO93/AN93) -> 2.73659e+09 | AQ93: 2.59 | AR93: =AQ93*101.97 -> 264.1023 | AS93: -2413 | AT93: =IF(AS93/AR93>=0,AS93/AR93, "Compresión no aplica") -> Compresión no aplica | AU93: 881.1 | AV93: =IF(AU93/AR93>=0,AU93/AR93, "Tensión no aplica") -> 3.3362072 | AW93: 0 | AX93: =AM93*101.97 -> 0 | AY93: -0.01 | AZ93: 0 | BA93: D
AK94: Poste General | AL94: 0 | AM94: -0.36 | AN94: =AM94*101.97 -> -36.7092 | AO94: 2736.59 | AP94: =ABS(AO94/AN94) -> 74.547797 | AQ94: 2.83 | AR94: =AQ94*101.97 -> 288.5751 | AS94: -2413 | AT94: =IF(AS94/AR94>=0,AS94/AR94, "Compresión no aplica") -> Compresión no aplica | AU94: 881.1 | AV94: =IF(AU94/AR94>=0,AU94/AR94, "Tensión no aplica") -> 3.053278 | AW94: 0.53 | AX94: =AM94*101.97 -> -36.7092 | AY94: -0.01 | AZ94: 0 | BA94: D+0.7E
AK95: Poste General | AL95: 0 | AM95: -0.36 | AN95: =AM95*101.97 -> -36.7092 | AO95: 2736.59 | AP95: =ABS(AO95/AN95) -> 74.547797 | AQ95: 1.79 | AR95: =AQ95*101.97 -> 182.5263 | AS95: -2413 | AT95: =IF(AS95/AR95>=0,AS95/AR95, "Compresión no aplica") -> Compresión no aplica | AU95: 881.1 | AV95: =IF(AU95/AR95>=0,AU95/AR95, "Tensión no aplica") -> 4.8272496 | AW95: 0.53 | AX95: =AM95*101.97 -> -36.7092 | AY95: 0 | AZ95: 0 | BA95: 0.6D+0.7E
AK96: Poste General | AL96: 0 | AM96: -0.67 | AN96: =AM96*101.97 -> -68.3199 | AO96: 2736.59 | AP96: =ABS(AO96/AN96) -> 40.055533 | AQ96: 4.86 | AR96: =AQ96*101.97 -> 495.5742 | AS96: -2413 | AT96: =IF(AS96/AR96>=0,AS96/AR96, "Compresión no aplica") -> Compresión no aplica | AU96: 881.1 | AV96: =IF(AU96/AR96>=0,AU96/AR96, "Tensión no aplica") -> 1.7779376 | AW96: 1 | AX96: =AM96*101.97 -> -68.3199 | AY96: -0.01 | AZ96: 0 | BA96: D+0.75W15(+)
AK97: Poste General | AL97: 0 | AM97: 0.61 | AN97: =AM97*101.97 -> 62.2017 | AO97: 2736.59 | AP97: =ABS(AO97/AN97) -> 43.995421 | AQ97: 0.59 | AR97: =AQ97*101.97 -> 60.1623 | AS97: -2413 | AT97: =IF(AS97/AR97>=0,AS97/AR97, "Compresión no aplica") -> Compresión no aplica | AU97: 881.1 | AV97: =IF(AU97/AR97>=0,AU97/AR97, "Tensión no aplica") -> 14.645384 | AW97: -0.92 | AX97: =AM97*101.97 -> 62.2017 | AY97: -0.01 | AZ97: 0 | BA97: D+0.75 W15(-)
AK98: Poste General | AL98: 0 | AM98: -2.76 | AN98: =AM98*101.97 -> -281.4372 | AO98: 2736.59 | AP98: =ABS(AO98/AN98) -> 9.7236257 | AQ98: 4.15 | AR98: =AQ98*101.97 -> 423.1755 | AS98: -2413 | AT98: =IF(AS98/AR98>=0,AS98/AR98, "Compresión no aplica") -> Compresión no aplica | AU98: 881.1 | AV98: =IF(AU98/AR98>=0,AU98/AR98, "Tensión no aplica") -> 2.0821149 | AW98: 4.13 | AX98: =AM98*101.97 -> -281.4372 | AY98: -0.01 | AZ98: 0 | BA98: D+0.75W60(+)
AK99: Poste General | AL99: 0 | AM99: 2.41 | AN99: =AM99*101.97 -> 245.7477 | AO99: 2736.59 | AP99: =ABS(AO99/AN99) -> 11.135771 | AQ99: 1.23 | AR99: =AQ99*101.97 -> 125.4231 | AS99: -2413 | AT99: =IF(AS99/AR99>=0,AS99/AR99, "Compresión no aplica") -> Compresión no aplica | AU99: 881.1 | AV99: =IF(AU99/AR99>=0,AU99/AR99, "Tensión no aplica") -> 7.0250217 | AW99: -3.6 | AX99: =AM99*101.97 -> 245.7477 | AY99: -0.01 | AZ99: 0 | BA99: D+0.75W60(-)
AK100: Poste General | AL100: 0 | AM100: -0.82 | AN100: =AM100*101.97 -> -83.6154 | AO100: 2736.59 | AP100: =ABS(AO100/AN100) -> 32.728301 | AQ100: 5.65 | AR100: =AQ100*101.97 -> 576.1305 | AS100: -2413 | AT100: =IF(AS100/AR100>=0,AS100/AR100, "Compresión no aplica") -> Compresión no aplica | AU100: 881.1 | AV100: =IF(AU100/AR100>=0,AU100/AR100, "Tensión no aplica") -> 1.529341 | AW100: 1.22 | AX100: =AM100*101.97 -> -83.6154 | AY100: -0.01 | AZ100: 0 | BA100: D+W15(+)
AK101: Poste General | AL101: 0 | AM101: 0.71 | AN101: =AM101*101.97 -> 72.3987 | AO101: 2736.59 | AP101: =ABS(AO101/AN101) -> 37.798883 | AQ101: -0.31 | AR101: =AQ101*101.97 -> -31.6107 | AS101: -2413 | AT101: =IF(AS101/AR101>=0,AS101/AR101, "Compresión no aplica") -> 76.334912 | AU101: 881.1 | AV101: =IF(AU101/AR101>=0,AU101/AR101, "Tensión no aplica") -> Tensión no aplica | AW101: -1.05 | AX101: =AM101*101.97 -> 72.3987 | AY101: 0.02 | AZ101: 0 | BA101: D+W15(-)
AK102: Poste General | AL102: 0 | AM102: -3.79 | AN102: =AM102*101.97 -> -386.4663 | AO102: 2736.59 | AP102: =ABS(AO102/AN102) -> 7.0810573 | AQ102: 4.66 | AR102: =AQ102*101.97 -> 475.1802 | AS102: -2413 | AT102: =IF(AS102/AR102>=0,AS102/AR102, "Compresión no aplica") -> Compresión no aplica | AU102: 881.1 | AV102: =IF(AU102/AR102>=0,AU102/AR102, "Tensión no aplica") -> 1.8542439 | AW102: 5.66 | AX102: =AM102*101.97 -> -386.4663 | AY102: 0 | AZ102: 0 | BA102: D+W60(+)
AK103: Poste General | AL103: 0 | AM103: 3.25 | AN103: =AM103*101.97 -> 331.4025 | AO103: 2736.59 | AP103: =ABS(AO103/AN103) -> 8.2576022 | AQ103: 0.58 | AR103: =AQ103*101.97 -> 59.1426 | AS103: -2413 | AT103: =IF(AS103/AR103>=0,AS103/AR103, "Compresión no aplica") -> Compresión no aplica | AU103: 881.1 | AV103: =IF(AU103/AR103>=0,AU103/AR103, "Tensión no aplica") -> 14.897891 | AW103: -4.85 | AX103: =AM103*101.97 -> 331.4025 | AY103: 0.02 | AZ103: 0 | BA103: D+W60(-)
AK104: Poste General | AL104: 0 | AM104: -0.82 | AN104: =AM104*101.97 -> -83.6154 | AO104: 2736.59 | AP104: =ABS(AO104/AN104) -> 32.728301 | AQ104: 4.66 | AR104: =AQ104*101.97 -> 475.1802 | AS104: -2413 | AT104: =IF(AS104/AR104>=0,AS104/AR104, "Compresión no aplica") -> Compresión no aplica | AU104: 881.1 | AV104: =IF(AU104/AR104>=0,AU104/AR104, "Tensión no aplica") -> 1.8542439 | AW104: 1.22 | AX104: =AM104*101.97 -> -83.6154 | AY104: -0.01 | AZ104: 0 | BA104: 0.6D+W15(+)
AK105: Poste General | AL105: 0 | AM105: 0.71 | AN105: =AM105*101.97 -> 72.3987 | AO105: 2736.59 | AP105: =ABS(AO105/AN105) -> 37.798883 | AQ105: -1.3 | AR105: =AQ105*101.97 -> -132.561 | AS105: -2413 | AT105: =IF(AS105/AR105>=0,AS105/AR105, "Compresión no aplica") -> 18.202941 | AU105: 881.1 | AV105: =IF(AU105/AR105>=0,AU105/AR105, "Tensión no aplica") -> Tensión no aplica | AW105: -1.05 | AX105: =AM105*101.97 -> 72.3987 | AY105: 0.02 | AZ105: 0 | BA105: 0.6D+W15(-)
...

Sheet Interpolación para W8X15
C2: Item | D2: H | E2: B
C3: Dimensiones IPE 160 | D3: 160 | E3: 82 | G3: Nota el ensayo fue realizado por el lado fuerte
C4: Dimensiones W8X15 (Ala expandida) | D4: 206 | E4: 170
C5: Correlación dimensional IPE 160 a W8X15 | D5: =D4/D3 -> 1.2875 | E5: =E4/E3 -> 2.0731707
AK8: FX (kN) | AL8: FY (kN) | AM8: FY (kg) | AN8: Umbral carga lateral | AO8: F.S. Carga lateral | AP8: FZ (kN) | AQ8: FZ (kg) | AR8: Carga maxima a tensión (kg) | AS8: F.S Tensión | AT8: Carga maxima a compresión (kg) | AU8: F.S Compresión | AV8: MX (kNm) | AW8: MY (kNm) | AX8: MZ (kNm) | AY8: Case name
T9: Correlación prueba vertical 3 para W8X15 | AJ9: Poste Motor | AK9: 0 | AL9: -0.71 | AM9: =AL9*101.97 -> -72.3987 | AN9: 2736.59 | AO9: =ABS(AN9/AM9) -> 37.798883 | AP9: 5.72 | AQ9: =AP9*101.97 -> 583.2684 | AR9: 2905 | AS9: =IF(AR9/AP9>=0,AR9/AP9, "Compresión no aplica") -> 507.86713 | AT9: 875 | AU9: =IF(AT9/AQ9>=0,AT9/AQ9, "Tensión no aplica") -> 1.500167 | AV9: 9.99 | AW9: 0 | AX9: 0 | AY9: D+W15(+)
C10: Correlación prueba vertical 1 para W8X15 | K10: Correlación prueba vertical 2 para W8X15 | T10: Prueba de tensión vertical | AJ10: Poste Motor | AK10: 0 | AL10: 0.58 | AM10: =AL10*101.97 -> 59.1426 | AN10: 2736.59 | AO10: =ABS(AN10/AM10) -> 46.271047 | AP10: 0.02 | AQ10: =AP10*101.97 -> 2.0394 | AR10: 2905 | AS10: =IF(AR10/AP10>=0,AR10/AP10, "Compresión no aplica") -> 145250 | AT10: 875 | AU10: =IF(AT10/AQ10>=0,AT10/AQ10, "Tensión no aplica") -> 429.04776 | AV10: -11.94 | AW10: 0 | AX10: 0 | AY10: D+W15(-)
C11: Prueba de tensión vertical | K11: Prueba de tensión vertical | T11: Desplazamiento [mm] | U11: Fuerza [kg] | AJ11: Poste Motor | AK11: 0 | AL11: -3.58 | AM11: =AL11*101.97 -> -365.0526 | AN11: 2736.59 | AO11: =ABS(AN11/AM11) -> 7.4964265 | AP11: 4.77 | AQ11: =AP11*101.97 -> 486.3969 | AR11: 2905 | AS11: =IF(AR11/AP11>=0,AR11/AP11, "Compresión no aplica") -> 609.01468 | AT11: 875 | AU11: =IF(AT11/AQ11>=0,AT11/AQ11, "Tensión no aplica") -> 1.7989424 | AV11: 13.28 | AW11: 0 | AX11: 0 | AY11: D+W60(+)
C12: Desplazamiento [mm] | D12: Fuerza [kg] | K12: Desplazamiento [mm] | L12: Fuerza [kg] | T12: ='Pull out test IPE 160'!T8/'Interpolación para W8X15'!$D$5 -> 0 | U12: ='Pull out test IPE 160'!U8*'Interpolación para W8X15'!$E$5 -> 0 | AJ12: Poste Motor | AK12: 0 | AL12: 3.03 | AM12: =AL12*101.97 -> 308.9691 | AN12: 2736.59 | AO12: =ABS(AN12/AM12) -> 8.857164 | AP12: 0.88 | AQ12: =AP12*101.97 -> 89.7336 | AR12: 2905 | AS12: =IF(AR12/AP12>=0,AR12/AP12, "Compresión no aplica") -> 3301.1364 | AT12: 875 | AU12: =IF(AT12/AQ12>=0,AT12/AQ12, "Tensión no aplica") -> 9.7510854 | AV12: -15.63 | AW12: 0 | AX12: 0 | AY12: D+W60(-)
C13: ='Pull out test IPE 160'!C9/'Interpolación para W8X15'!$D$5 -> 0 | D13: ='Pull out test IPE 160'!D9/E5 -> 0 | K13: ='Pull out test IPE 160'!K9/'Interpolación para W8X15'!$D$5 -> 0 | L13: ='Pull out test IPE 160'!L9*'Interpolación para W8X15'!$E$5 -> 0 | T13: ='Pull out test IPE 160'!T9/'Interpolación para W8X15'!$D$5 -> 0.15533981 | U13: ='Pull out test IPE 160'!U9*'Interpolación para W8X15'!$E$5 -> 733.90244 | AJ13: Poste Motor | AK13: 0 | AL13: -0.71 | AM13: =AL13*101.97 -> -72.3987 | AN13: 2736.59 | AO13: =ABS(AN13/AM13) -> 37.798883 | AP13: 4.64 | AQ13: =AP13*101.97 -> 473.1408 | AR13: 2905 | AS13: =IF(AR13/AP13>=0,AR13/AP13, "Compresión no aplica") -> 626.07759 | AT13: 875 | AU13: =IF(AT13/AQ13>=0,AT13/AQ13, "Tensión no aplica") -> 1.8493438 | AV13: 9.99 | AW13: 0 | AX13: 0 | AY13: 0.6D+W15(+)
C14: ='Pull out test IPE 160'!C10/'Interpolación para W8X15'!$D$5 -> 0.19417476 | D14: ='Pull out test IPE 160'!D10 -> 326 | K14: ='Pull out test IPE 160'!K10/'Interpolación para W8X15'!$D$5 -> 0.069902913 | L14: ='Pull out test IPE 160'!L10*'Interpolación para W8X15'!$E$5 -> 833.41463 | T14: ='Pull out test IPE 160'!T10/'Interpolación para W8X15'!$D$5 -> 0.69902913 | U14: ='Pull out test IPE 160'!U10*'Interpolación para W8X15'!$E$5 -> 1202.439 | AJ14: Poste Motor | AK14: 0 | AL14: 0.58 | AM14: =AL14*101.97 -> 59.1426 | AN14: 2736.59 | AO14: =ABS(AN14/AM14) -> 46.271047 | AP14: -1.05 | AQ14: =AP14*101.97 -> -107.0685 | AR14: 2905 | AS14: =IF(AR14/AP14>=0,AR14/AP14, "Compresión no aplica") -> Compresión no aplica | AT14: 875 | AU14: =IF(AT14/AQ14>=0,AT14/AQ14, "Tensión no aplica") -> Tensión no aplica | AV14: -11.94 | AW14: 0 | AX14: 0 | AY14: 0.6D+W15(-)
C15: ='Pull out test IPE 160'!C11/'Interpolación para W8X15'!$D$5 -> 1.8640777 | D15: ='Pull out test IPE 160'!D11 -> 618 | K15: ='Pull out test IPE 160'!K11/'Interpolación para W8X15'!$D$5 -> 0.17864078 | L15: ='Pull out test IPE 160'!L11*'Interpolación para W8X15'!$E$5 -> 1281.2195 | T15: ='Pull out test IPE 160'!T11/'Interpolación para W8X15'!$D$5 -> 1.2427184 | U15: ='Pull out test IPE 160'!U11*'Interpolación para W8X15'!$E$5 -> 1577.6829 | AJ15: Poste Motor | AK15: 0 | AL15: -3.58 | AM15: =AL15*101.97 -> -365.0526 | AN15: 2736.59 | AO15: =ABS(AN15/AM15) -> 7.4964265 | AP15: 3.69 | AQ15: =AP15*101.97 -> 376.2693 | AR15: 2905 | AS15: =IF(AR15/AP15>=0,AR15/AP15, "Compresión no aplica") -> 787.26287 | AT15: 875 | AU15: =IF(AT15/AQ15>=0,AT15/AQ15, "Tensión no aplica") -> 2.3254621 | AV15: 13.28 | AW15: 0 | AX15: 0 | AY15: 0.6D+W60(+)
C16: ='Pull out test IPE 160'!C12/'Interpolación para W8X15'!$D$5 -> 3.6815534 | D16: ='Pull out test IPE 160'!D12 -> 861 | K16: ='Pull out test IPE 160'!K12/'Interpolación para W8X15'!$D$5 -> 0.55145631 | L16: ='Pull out test IPE 160'!L12*'Interpolación para W8X15'!$E$5 -> 1693.7805 | T16: ='Pull out test IPE 160'!T12/'Interpolación para W8X15'!$D$5 -> 6.0038835 | U16: ='Pull out test IPE 160'!U12*'Interpolación para W8X15'!$E$5 -> 2363.4146 | AJ16: Poste Motor | AK16: 0 | AL16: 3.03 | AM16: =AL16*101.97 -> 308.9691 | AN16: 2736.59 | AO16: =ABS(AN16/AM16) -> 8.857164 | AP16: -0.2 | AQ16: =AP16*101.97 -> -20.394 | AR16: 2905 | AS16: =IF(AR16/AP16>=0,AR16/AP16, "Compresión no aplica") -> Compresión no aplica | AT16: 875 | AU16: =IF(AT16/AQ16>=0,AT16/AQ16, "Tensión no aplica") -> Tensión no aplica | AV16: -15.63 | AW16: 0 | AX16: 0 | AY16: 0.6D+W60(-)
C17: ='Pull out test IPE 160'!C13/'Interpolación para W8X15'!$D$5 -> 9.3902913 | D17: ='Pull out test IPE 160'!D13 -> 1032 | K17: ='Pull out test IPE 160'!K13/'Interpolación para W8X15'!$D$5 -> 0.86213592 | L17: ='Pull out test IPE 160'!L13*'Interpolación para W8X15'!$E$5 -> 2168.5366 | T17: ='Pull out test IPE 160'!T13/'Interpolación para W8X15'!$D$5 -> 14.656311 | U17: ='Pull out test IPE 160'!U13*'Interpolación para W8X15'!$E$5 -> 2848.5366 | AJ17: Poste Motor | AK17: 0 | AL17: 0.0001 | AM17: =AL17*101.97 -> 0.010197 | AN17: 2736.59 | AO17: =ABS(AN17/AM17) -> 268372.07 | AP17: 2.69 | AQ17: =AP17*101.97 -> 274.2993 | AR17: 2905 | AS17: =IF(AR17/AP17>=0,AR17/AP17, "Compresión no aplica") -> 1079.9257 | AT17: 875 | AU17: =IF(AT17/AQ17>=0,AT17/AQ17, "Tensión no aplica") -> 3.1899462 | AV17: 0 | AW17: 0 | AX17: 0 | AY17: D
C18: ='Pull out test IPE 160'!C14/'Interpolación para W8X15'!$D$5 -> 19.875728 | D18: ='Pull out test IPE 160'!D14 -> 1164 | K18: ='Pull out test IPE 160'!K14/'Interpolación para W8X15'!$D$5 -> 1.6776699 | L18: ='Pull out test IPE 160'!L14*'Interpolación para W8X15'!$E$5 -> 2699.2683 | T18: ='Pull out test IPE 160'!T14/'Interpolación para W8X15'!$D$5 -> 19.798058 | U18: ='Pull out test IPE 160'!U14*'Interpolación para W8X15'!$E$5 -> 2906.5854 | AJ18: Poste Motor | AK18: 0 | AL18: -0.36 | AM18: =AL18*101.97 -> -36.7092 | AN18: 2736.59 | AO18: =ABS(AN18/AM18) -> 74.547797 | AP18: 2.93 | AQ18: =AP18*101.97 -> 298.7721 | AR18: 2905 | AS18: =IF(AR18/AP18>=0,AR18/AP18, "Compresión no aplica") -> 991.46758 | AT18: 875 | AU18: =IF(AT18/AQ18>=0,AT18/AQ18, "Tensión no aplica") -> 2.9286536 | AV18: 0.55 | AW18: 0 | AX18: 0 | AY18: D+0.7E
C19: Profundidad de hinca [m] | D19: 2.5 | K19: ='Pull out test IPE 160'!K15/'Interpolación para W8X15'!$D$5 -> 2.7262136 | L19: ='Pull out test IPE 160'!L15*'Interpolación para W8X15'!$E$5 -> 3006.0976 | T19: Profundidad de hinca [m] | U19: 2.5 | AJ19: Poste Motor | AK19: 0 | AL19: -0.36 | AM19: =AL19*101.97 -> -36.7092 | AN19: 2736.59 | AO19: =ABS(AN19/AM19) -> 74.547797 | AP19: 1.85 | AQ19: =AP19*101.97 -> 188.6445 | AR19: 2905 | AS19: =IF(AR19/AP19>=0,AR19/AP19, "Compresión no aplica") -> 1570.2703 | AT19: 875 | AU19: =IF(AT19/AQ19>=0,AT19/AQ19, "Tensión no aplica") -> 4.6383542 | AV19: 0.55 | AW19: 0 | AX19: 0 | AY19: 0.6D+0.7E
K20: ='Pull out test IPE 160'!K16/'Interpolación para W8X15'!$D$5 -> 5.0718447 | L20: ='Pull out test IPE 160'!L16*'Interpolación para W8X15'!$E$5 -> 3424.878 | AJ20: Poste Motor | AK20: 0 | AL20: -0.53 | AM20: =AL20*101.97 -> -54.0441 | AN20: 2736.59 | AO20: =ABS(AN20/AM20) -> 50.63624 | AP20: 4.96 | AQ20: =AP20*101.97 -> 505.7712 | AR20: 2905 | AS20: =IF(AR20/AP20>=0,AR20/AP20, "Compresión no aplica") -> 585.68548 | AT20: 875 | AU20: =IF(AT20/AQ20>=0,AT20/AQ20, "Tensión no aplica") -> 1.7300313 | AV20: 7.49 | AW20: 0 | AX20: 0 | AY20: D+0.75W15(+)
K21: ='Pull out test IPE 160'!K17/'Interpolación para W8X15'!$D$5 -> 11.487379 | L21: ='Pull out test IPE 160'!L17*'Interpolación para W8X15'!$E$5 -> 3860.2439 | AJ21: Poste Motor | AK21: 0 | AL21: 0.43 | AM21: =AL21*101.97 -> 43.8471 | AN21: 2736.59 | AO21: =ABS(AN21/AM21) -> 62.412109 | AP21: 0.69 | AQ21: =AP21*101.97 -> 70.3593 | AR21: 2905 | AS21: =IF(AR21/AP21>=0,AR21/AP21, "Compresión no aplica") -> 4210.1449 | AT21: 875 | AU21: =IF(AT21/AQ21>=0,AT21/AQ21, "Tensión no aplica") -> 12.436167 | AV21: -8.96 | AW21: 0 | AX21: 0 | AY21: D+0.75 W15(-)
K22: ='Pull out test IPE 160'!K18/'Interpolación para W8X15'!$D$5 -> 19.92233 | L22: ='Pull out test IPE 160'!L18*'Interpolación para W8X15'!$E$5 -> 4005.3659 | AJ22: Poste Motor | AK22: 0 | AL22: -2.69 | AM22: =AL22*101.97 -> -274.2993 | AN22: 2736.59 | AO22: =ABS(AN22/AM22) -> 9.9766569 | AP22: 4.25 | AQ22: =AP22*101.97 -> 433.3725 | AR22: 2905 | AS22: =IF(AR22/AP22>=0,AR22/AP22, "Compresión no aplica") -> 683.52941 | AT22: 875 | AU22: =IF(AT22/AQ22>=0,AT22/AQ22, "Tensión no aplica") -> 2.0190483 | AV22: 9.96 | AW22: 0 | AX22: 0 | AY22: D+0.75W60(+)
K23: Profundidad de hinca [m] | L23: 2.5 | AJ23: Poste Motor | AK23: 0 | AL23: 2.27 | AM23: =AL23*101.97 -> 231.4719 | AN23: 2736.59 | AO23: =ABS(AN23/AM23) -> 11.822558 | AP23: 1.33 | AQ23: =AP23*101.97 -> 135.6201 | AR23: 2905 | AS23: =IF(AR23/AP23>=0,AR23/AP23, "Compresión no aplica") -> 2184.2105 | AT23: 875 | AU23: =IF(AT23/AQ23>=0,AT23/AQ23, "Tensión no aplica") -> 6.451846 | AV23: -11.72 | AW23: 0 | AX23: 0 | AY23: D+0.75W60(-)
C27: Correlación prueba vertical 1 para W8X15 | K27: Correlación prueba vertical 2 para W8X15 | T27: Correlación prueba vertical 3 para W8X15
C28: Prueba de compresión vertical | K28: Prueba de compresión vertical | T28: Prueba de compresión vertical
C29: Desplazamiento [mm] | D29: Fuerza [kg] | K29: Desplazamiento [mm] | L29: Fuerza [kg] | T29: Desplazamiento [mm] | U29: Fuerza [kg]
C30: ='Pull out test IPE 160'!C26/'Interpolación para W8X15'!$D$5 -> 0 | D30: ='Pull out test IPE 160'!D26*'Interpolación para W8X15'!$E$5 -> 0 | K30: ='Pull out test IPE 160'!K26/'Interpolación para W8X15'!$D$5 -> 0 | L30: ='Pull out test IPE 160'!L26*'Interpolación para W8X15'!$E$5 -> 0 | T30: ='Pull out test IPE 160'!T26/$D$5 -> 0 | U30: ='Pull out test IPE 160'!U26*'Interpolación para W8X15'!$E$5 -> 0
C31: ='Pull out test IPE 160'!C27/'Interpolación para W8X15'!$D$5 -> 9.4601942 | D31: ='Pull out test IPE 160'!D27*'Interpolación para W8X15'!$E$5 -> 709.02439 | K31: ='Pull out test IPE 160'!K27/'Interpolación para W8X15'!$D$5 -> 0.83106796 | L31: ='Pull out test IPE 160'!L27*'Interpolación para W8X15'!$E$5 -> 723.53659 | T31: ='Pull out test IPE 160'!T27/$D$5 -> 8.1242718 | U31: ='Pull out test IPE 160'!U27*'Interpolación para W8X15'!$E$5 -> 688.29268
C32: ='Pull out test IPE 160'!C28/'Interpolación para W8X15'!$D$5 -> 20.038835 | D32: ='Pull out test IPE 160'!D28*'Interpolación para W8X15'!$E$5 -> 881.09756 | K32: ='Pull out test IPE 160'!K28/'Interpolación para W8X15'!$D$5 -> 2.4543689 | L32: ='Pull out test IPE 160'!L28*'Interpolación para W8X15'!$E$5 -> 1078.0488 | T32: ='Pull out test IPE 160'!T28/$D$5 -> 20.038835 | U32: ='Pull out test IPE 160'!U28*'Interpolación para W8X15'!$E$5 -> 870.73171
C33: Profundidad de hinca [m] | D33: 2.5 | K33: ='Pull out test IPE 160'!K29/'Interpolación para W8X15'!$D$5 -> 5.2660194 | L33: ='Pull out test IPE 160'!L29*'Interpolación para W8X15'!$E$5 -> 1619.1463 | T33: Profundidad de hinca [m] | U33: 2.5
K34: ='Pull out test IPE 160'!K30/'Interpolación para W8X15'!$D$5 -> 19.805825 | L34: ='Pull out test IPE 160'!L30*'Interpolación para W8X15'!$E$5 -> 2040
K35: Profundidad de hinca [m] | L35: 2.5
C42: Correlación prueba lateral 1 para W8X15 | K42: Correlación prueba lateral 2 para W8X15 | T42: Correlación prueba lateral 3 para W8X15
C43: Prueba de carga lateral | K43: Prueba de carga lateral | T43: Prueba de carga lateral
C44: Desplazamiento [mm] | D44: Fuerza [kg] | K44: Desplazamiento [mm] | L44: Fuerza [kg] | T44: Desplazamiento [mm] | U44: Fuerza [kg]
C45: ='Pull out test IPE 160'!C41/'Interpolación para W8X15'!$D$5 -> 0 | D45: ='Pull out test IPE 160'!D41*'Interpolación para W8X15'!$E$5 -> 0 | K45: ='Pull out test IPE 160'!K41/'Interpolación para W8X15'!$D$5 -> 0 | L45: ='Pull out test IPE 160'!L41*'Interpolación para W8X15'!$E$5 -> 0 | T45: 0 | U45: ='Pull out test IPE 160'!U41*'Interpolación para W8X15'!$E$5 -> 0
C46: ='Pull out test IPE 160'!C42/'Interpolación para W8X15'!$D$5 -> 3.4485437 | D46: ='Pull out test IPE 160'!D42*'Interpolación para W8X15'!$E$5 -> 725.60976 | K46: ='Pull out test IPE 160'!K42/'Interpolación para W8X15'!$D$5 -> 1.7087379 | L46: ='Pull out test IPE 160'!L42*'Interpolación para W8X15'!$E$5 -> 642.68293 | T46: ='Pull out test IPE 160'!T42/'Interpolación para W8X15'!$D$5 -> 2.392233 | U46: ='Pull out test IPE 160'!U42*'Interpolación para W8X15'!$E$5 -> 663.41463
C47: ='Pull out test IPE 160'!C43/'Interpolación para W8X15'!$D$5 -> 5.1572816 | D47: ='Pull out test IPE 160'!D43*'Interpolación para W8X15'!$E$5 -> 1086.3415 | K47: ='Pull out test IPE 160'!K43/'Interpolación para W8X15'!$D$5 -> 2.423301 | L47: ='Pull out test IPE 160'!L43*'Interpolación para W8X15'!$E$5 -> 1140.2439 | T47: ='Pull out test IPE 160'!T43/'Interpolación para W8X15'!$D$5 -> 3.3242718 | U47: ='Pull out test IPE 160'!U43*'Interpolación para W8X15'!$E$5 -> 1098.7805
C48: ='Pull out test IPE 160'!C44/'Interpolación para W8X15'!$D$5 -> 7.8524272 | D48: ='Pull out test IPE 160'!D44*'Interpolación para W8X15'!$E$5 -> 1488.5366 | K48: ='Pull out test IPE 160'!K44/'Interpolación para W8X15'!$D$5 -> 3.4407767 | L48: ='Pull out test IPE 160'!L44*'Interpolación para W8X15'!$E$5 -> 1509.2683 | T48: ='Pull out test IPE 160'!T44/'Interpolación para W8X15'!$D$5 -> 5.1572816 | U48: ='Pull out test IPE 160'!U44*'Interpolación para W8X15'!$E$5 -> 1538.2927
C49: ='Pull out test IPE 160'!C45/'Interpolación para W8X15'!$D$5 -> 13.405825 | D49: ='Pull out test IPE 160'!D45*'Interpolación para W8X15'!$E$5 -> 2135.3659 | K49: ='Pull out test IPE 160'!K45/'Interpolación para W8X15'!$D$5 -> 5.3514563 | L49: ='Pull out test IPE 160'!L45*'Interpolación para W8X15'!$E$5 -> 2156.0976 | T49: ='Pull out test IPE 160'!T45/'Interpolación para W8X15'!$D$5 -> 8.0776699 | U49: ='Pull out test IPE 160'!U45*'Interpolación para W8X15'!$E$5 -> 2147.8049
C50: ='Pull out test IPE 160'!C46/'Interpolación para W8X15'!$D$5 -> 19.106796 | D50: ='Pull out test IPE 160'!D46*'Interpolación para W8X15'!$E$5 -> 2570.7317 | K50: ='Pull out test IPE 160'!K46/'Interpolación para W8X15'!$D$5 -> 7.4407767 | L50: ='Pull out test IPE 160'!L46*'Interpolación para W8X15'!$E$5 -> 2628.7805 | T50: ='Pull out test IPE 160'!T46/'Interpolación para W8X15'!$D$5 -> 10.96699 | U50: ='Pull out test IPE 160'!U46*'Interpolación para W8X15'!$E$5 -> 2653.6585
C51: ='Pull out test IPE 160'!C47/'Interpolación para W8X15'!$D$5 -> 19.860194 | D51: ='Pull out test IPE 160'!D47*'Interpolación para W8X15'!$E$5 -> 2736.5854 | K51: ='Pull out test IPE 160'!K47/'Interpolación para W8X15'!$D$5 -> 8.9631068 | L51: ='Pull out test IPE 160'!L47*'Interpolación para W8X15'!$E$5 -> 3030.9756 | T51: ='Pull out test IPE 160'!T47/'Interpolación para W8X15'!$D$5 -> 13.126214 | U51: ='Pull out test IPE 160'!U47*'Interpolación para W8X15'!$E$5 -> 3037.1951
C52: Profundidad de hinca [m] | D52: 2.5 | K52: ='Pull out test IPE 160'!K48/'Interpolación para W8X15'!$D$5 -> 10.796117 | L52: ='Pull out test IPE 160'!L48*'Interpolación para W8X15'!$E$5 -> 3429.0244 | T52: ='Pull out test IPE 160'!T48/'Interpolación para W8X15'!$D$5 -> 15.92233 | U52: ='Pull out test IPE 160'!U48*'Interpolación para W8X15'!$E$5 -> 3387.561
K53: ='Pull out test IPE 160'!K49/'Interpolación para W8X15'!$D$5 -> 12.970874 | L53: ='Pull out test IPE 160'!L49*'Interpolación para W8X15'!$E$5 -> 3874.7561 | T53: ='Pull out test IPE 160'!T49/'Interpolación para W8X15'!$D$5 -> 19.106796 | U53: ='Pull out test IPE 160'!U49*'Interpolación para W8X15'!$E$5 -> 3814.6341
K54: ='Pull out test IPE 160'!K50/'Interpolación para W8X15'!$D$5 -> 16.07767 | L54: ='Pull out test IPE 160'!L50*'Interpolación para W8X15'!$E$5 -> 4295.6098 | T54: ='Pull out test IPE 160'!T50/'Interpolación para W8X15'!$D$5 -> 19.650485 | U54: ='Pull out test IPE 160'!U50*'Interpolación para W8X15'!$E$5 -> 4013.6585
K55: Profundidad de hinca [m] | L55: 2.5 | T55: Profundidad de hinca [m] | U55: 2.5

Sheet Hoja2
